"GDP, current prices (Billions of U.S. dollars)",1980,1981,1982,1983,1984,1985,1986,1987,1988,1989,1990,1991,1992,1993,1994,1995,1996,1997,1998,1999,2000,2001,2002,2003,2004,2005,2006,2007,2008,2009,2010,2011,2012,2013,2014,2015,2016,2017,2018,2019,2020,2021,2022,2023,2024,2025,2026,2027,2028,2029,2030
Afghanistan,no data,no data,no data,no data,no data,no data,no data,no data,no data,no data,no data,no data,no data,no data,no data,no data,no data,no data,no data,no data,no data,no data,4.367,4.553,5.146,6.167,6.925,8.556,10.297,12.066,15.325,17.89,20.293,20.17,20.616,20.057,18.02,18.883,18.336,18.876,20.136,14.278,14.501,17.248,18.08,no data,no data,no data,no data,no data,no data
Albania,1.946,2.229,2.296,2.319,2.29,2.339,2.587,2.566,2.53,2.779,2.221,1.333,0.843,1.461,2.361,2.882,3.2,2.225,2.555,3.226,3.488,3.927,4.356,5.561,7.177,8.052,8.896,10.677,12.881,12.044,11.937,12.899,12.324,12.784,13.246,11.389,11.862,13.053,15.38,15.582,15.271,17.985,19.189,23.633,27.084,29.939,32.411,34.208,36.358,38.657,41.115
Algeria,45.957,48.156,48.599,51.582,55.906,66.346,66.783,68.698,56.07,57.041,67.171,50.65,53.414,55.309,46.044,45.654,50.945,52.287,52.297,53.011,59.418,59.413,61.516,73.482,91.914,107.047,123.084,142.483,180.384,150.317,177.785,218.332,227.144,229.701,238.943,187.494,180.764,190.004,194.507,193.361,164.774,185.85,225.652,248.087,269.14,288.013,284.984,291.065,297.245,303.879,308.997
Andorra,no data,no data,no data,no data,no data,no data,no data,no data,no data,no data,no data,no data,no data,no data,no data,no data,no data,no data,no data,no data,1.429,1.547,1.758,2.362,2.896,3.158,3.456,3.952,4.082,3.675,3.446,3.625,3.189,3.193,3.267,2.789,2.895,2.993,3.217,3.155,2.885,3.325,3.376,3.786,4.038,4.408,4.715,4.855,5.001,5.157,5.318
Angola,8.73,8.17,8.17,8.514,9.025,11.119,10.411,11.9,12.909,15.017,16.529,16.022,12.354,8.966,6.529,8.148,10.51,12.344,10.464,9.895,12.646,12.378,17.312,20.342,26.998,41.397,58.654,73.038,98.79,81.705,95.547,125.552,143.573,153.761,164.448,131.661,114.764,139.835,114.189,94.671,66.521,84.375,142.442,112.483,115.214,115.167,109.855,114.798,122.168,130.394,139.542
Antigua and Barbuda,0.132,0.149,0.166,0.185,0.212,0.246,0.298,0.347,0.411,0.455,0.479,0.504,0.525,0.566,0.625,0.616,0.679,0.734,0.79,0.836,0.901,0.878,0.898,0.948,1.026,1.144,1.304,1.487,1.558,1.387,1.298,1.287,1.365,1.325,1.379,1.437,1.49,1.535,1.662,1.726,1.412,1.602,1.867,2.006,2.208,2.34,2.456,2.567,2.683,2.803,2.929
Argentina,233.696,189.802,94.25,116.267,130.544,98.599,118.565,121.561,142.386,91.352,158.024,211.979,255.787,264.429,287.835,288.497,304.282,327.436,334.244,316.998,317.759,300.421,112.458,142.431,164.911,199.273,232.892,287.921,363.545,334.633,424.729,527.644,579.666,611.471,563.614,642.464,556.774,643.861,524.431,446.762,385.218,486.04,633.52,648.895,637.234,683.371,667.922,710.438,754.27,798.651,842.591
Armenia,no data,no data,no data,no data,no data,no data,no data,no data,no data,no data,no data,no data,0.108,0.835,0.648,1.287,1.597,1.639,1.892,1.845,1.912,2.118,2.376,2.807,3.577,4.9,6.384,9.206,11.662,8.648,9.26,10.142,10.619,11.121,11.61,10.553,10.546,11.527,12.458,13.619,12.642,13.879,19.514,24.186,25.955,27.859,29.082,31.454,33.676,35.934,38.388
Aruba,no data,no data,no data,no data,no data,no data,no data,no data,no data,no data,no data,no data,no data,no data,no data,1.321,1.38,1.532,1.665,1.723,1.873,1.896,1.962,2.044,2.255,2.36,2.47,2.678,2.843,2.554,2.454,2.638,2.615,2.728,2.791,2.963,2.984,3.092,3.276,3.347,2.456,2.855,3.266,3.769,4.192,4.319,4.471,4.658,4.83,5.012,5.193
Australia,162.925,188.411,187.05,179.479,197.137,174.386,181.478,213.101,271.09,308.402,324.128,324.437,318.005,309.304,353.373,379.227,424.664,426.402,381.499,411.968,400.279,378.114,425.516,541.156,658.743,736.505,783.446,950.093,1056.565,1000.831,1254.622,1515.504,1570.139,1519.895,1456.939,1233.914,1262.645,1381.106,1417.158,1386.289,1362.665,1655.838,1725.433,1742.311,1795.492,1829.508,1948.227,2036.053,2132.013,2228.386,2335.258
Austria,80.481,69.738,69.727,70.644,66.64,68.248,96.842,121.104,132.86,132.534,165.953,173.481,194.436,189.342,202.854,239.914,236.044,211.978,217.363,216.637,196.268,196.479,212.687,260.714,299.075,314.126,333.924,386.806,429.187,398.857,390.146,428.879,407.008,426.587,438.669,379.584,393.579,414.78,452.787,443.033,434.05,480.786,472.145,511.833,523.956,566.456,604.198,625.678,646.073,666.33,685.248
Azerbaijan,no data,no data,no data,no data,no data,no data,no data,no data,no data,no data,no data,no data,1.193,1.309,2.258,2.417,3.177,4.317,4.28,4.581,5.273,5.475,6.232,7.276,8.682,13.239,20.983,33.05,48.852,44.297,52.909,65.952,69.684,74.164,75.235,52.997,37.83,41.375,47.113,48.174,42.693,54.825,78.807,72.428,74.316,76.39,80.024,84.547,89.615,95.052,100.823
"Bahamas, The",2.598,2.692,3.031,3.373,3.603,3.923,4.241,4.669,4.855,5.473,5.218,5.128,5.125,5.097,5.372,5.653,5.95,6.332,6.833,7.684,8.076,8.318,8.881,8.87,9.055,9.836,10.167,10.618,10.526,9.982,10.096,10.07,10.72,10.475,11.139,11.838,11.881,12.447,12.819,13.277,10.363,12.037,13.897,15.271,15.833,16.393,16.841,17.335,17.927,18.534,19.166
Bahrain,3.745,4.228,4.445,4.554,4.727,4.46,3.49,3.78,4.672,4.873,5.176,5.43,5.673,6.241,6.683,7.075,7.357,7.629,7.293,7.905,9.448,9.579,10.001,11.546,13.709,16.647,19.291,22.653,26.803,23.913,26.806,29.915,31.963,33.823,34.773,32.523,33.885,37.205,39.568,40.447,35.838,40.84,46.458,46.192,47.11,47.391,49.194,51.339,53.799,56.505,59.377
Bangladesh,24.775,26.355,24.678,23.904,26.817,28.819,29.639,32.449,34.914,38.07,41.068,42.488,43.292,43.684,46.438,51.842,55.445,57.599,59.879,61.526,61.687,62.537,65.036,71.755,77.152,79.53,86.028,95.374,109.765,122.76,138.094,154.097,159.749,179.676,207.102,233.687,265.236,293.755,321.379,351.238,373.902,416.265,460.201,451.534,450.461,475.011,519.288,550.283,596.228,652.936,716.74
Barbados,1.048,1.154,1.205,1.28,1.395,1.46,1.603,1.765,1.877,2.077,2.084,2.092,2.015,2.136,2.227,2.348,2.515,2.667,3.057,3.21,3.312,3.306,3.364,3.479,3.754,4.213,4.702,5.273,5.401,5.064,5.138,5.302,5.233,5.338,5.366,5.288,5.331,5.517,5.63,5.788,5.168,5.275,6.257,6.721,7.169,7.559,7.944,8.344,8.758,9.195,9.656
Belarus,no data,no data,no data,no data,no data,no data,no data,no data,no data,no data,no data,no data,12.8,11.408,15.687,10.532,14.494,14.091,15.215,12.133,10.785,12.778,15.092,18.42,23.928,31.239,38.219,46.815,62.798,50.855,57.22,61.368,65.669,75.496,78.736,56.329,47.703,54.723,60.011,64.414,61.312,68.207,73.735,71.792,76.208,85.739,90.556,94.681,99.486,103.864,108.074
Belgium,123.479,102.245,89.959,85.037,81.237,84.468,117.063,145.412,158.098,159.817,200.15,205.37,228.733,218.721,238.623,288.302,279.292,253.022,258.876,258.503,236.897,236.748,258.2,318.004,369.047,385.927,408.281,470.978,517.271,484.488,481.949,527.106,498.731,524.106,538.127,461.091,474.141,500.733,542.885,536.787,529.269,598.92,594.081,644.84,664.365,716.98,761.174,780.384,802.019,824.347,849.306
Belize,0.229,0.238,0.238,0.251,0.28,0.278,0.302,0.354,0.418,0.482,0.547,0.597,0.696,0.752,0.772,0.819,0.85,0.873,0.929,1,1.138,1.172,1.244,1.308,1.4,1.474,1.59,1.706,1.738,1.688,1.749,1.832,1.917,2.035,2.138,2.193,2.24,2.266,2.286,2.381,2.047,2.429,2.847,3.052,3.204,3.297,3.442,3.561,3.681,3.802,3.926
Benin,2.302,1.557,1.542,1.365,1.456,1.58,2.036,2.43,2.552,2.37,2.89,2.954,3.284,3.199,2.227,2.993,3.251,3.124,3.362,3.681,3.522,3.666,4.191,5.348,6.187,6.571,7.034,8.17,9.787,9.728,9.543,10.691,11.148,12.518,13.288,11.389,11.818,12.766,14.346,14.697,15.674,17.699,17.439,19.679,21.487,24.402,27.453,29.78,32.298,34.897,37.733
Bhutan,0.132,0.143,0.15,0.162,0.168,0.174,0.197,0.238,0.273,0.272,0.293,0.254,0.248,0.26,0.263,0.308,0.324,0.362,0.398,0.418,0.454,0.474,0.517,0.616,0.7,0.818,0.876,1.071,1.359,1.273,1.529,1.88,1.966,1.995,1.962,2.159,2.252,2.462,2.651,2.618,2.586,2.621,2.866,2.923,3.098,3.408,3.771,4.109,4.484,4.961,5.463
Bolivia,3.589,3.44,3.813,3.609,3.752,4.059,3.97,4.323,4.598,4.716,4.868,5.335,5.635,5.724,5.974,6.707,7.385,7.919,8.49,8.269,8.385,8.155,7.917,8.092,8.785,9.573,11.52,13.216,16.792,17.464,19.786,24.135,27.282,30.883,33.237,33.241,34.189,37.782,40.581,41.193,36.897,40.701,44.329,45.464,46.967,57.086,no data,no data,no data,no data,no data
Bosnia and Herzegovina,no data,no data,no data,no data,no data,no data,no data,no data,no data,no data,no data,no data,no data,no data,no data,no data,3.584,4.578,5.281,5.766,5.568,5.801,6.728,8.499,10.17,11.233,12.877,15.801,19.188,17.666,17.207,18.665,17.237,18.184,18.588,16.413,17.124,18.363,20.504,20.485,20.264,23.688,24.581,27.606,29.614,33.237,36.239,38.082,40.004,42.005,44.106
Botswana,1.174,1.037,1.094,1.208,1.2,1.117,1.515,2.374,3.082,3.441,3.799,3.802,3.928,3.957,4.258,4.805,4.926,5.011,4.808,5.413,5.682,5.46,5.395,7.469,8.819,9.833,9.919,10.566,10.731,10.118,12.637,15.111,13.907,14.272,15.47,13.531,15.083,16.105,17.032,16.696,14.93,18.75,20.321,19.411,19.356,19.186,20.708,22.333,24.136,26.386,28.775
Brazil,145.819,167.583,179.166,143.652,142.957,226.938,263.256,286.539,320.105,439.434,455.335,399.249,382.465,429.184,546.764,770.86,851.146,883.862,864.307,599.642,655.454,559.982,509.798,558.232,669.29,891.633,1107.628,1397.114,1695.855,1669.204,2208.704,2614.027,2464.053,2471.718,2456.055,1800.046,1796.622,2063.519,1916.934,1873.286,1476.092,1670.65,1951.849,2191.137,2179.413,2256.91,2292.69,2413.082,2535.726,2670.791,2814.461
Brunei Darussalam,no data,no data,no data,no data,no data,4.831,3.291,3.872,3.689,4.109,4.923,5.254,5.526,5.588,6.002,7.153,7.204,7.043,5.353,5.779,6.65,6.206,6.475,7.266,8.723,10.561,12.71,13.571,15.949,11.892,13.707,18.525,19.048,18.094,17.098,12.93,11.4,12.128,13.567,13.469,12.006,14.006,16.682,15.095,15.463,15.565,16.457,17.575,18.477,19.506,20.442
Bulgaria,37.751,40.718,42.467,43.641,46.358,39.692,35.13,40.721,66.546,67.774,29.882,2.928,11.882,6.449,11.338,18.992,12.295,11.317,15.031,13.628,13.246,14.183,16.403,21.146,26.158,29.868,34.38,44.432,54.476,52.024,50.69,57.682,54.297,55.82,57.081,50.766,53.929,59.288,66.318,68.639,70.658,84.477,90.719,102.434,112.232,127.924,142.203,151.081,159.772,168.285,177.26
Burkina Faso,2.386,2.076,1.934,1.767,1.579,1.746,2.29,2.665,2.942,2.942,3.488,3.526,3.775,3.599,2.164,2.676,2.909,2.753,3.155,3.388,2.961,3.19,3.62,4.74,5.449,6.15,6.548,7.627,9.45,9.44,10.118,12.078,12.569,13.444,13.947,11.833,12.829,14.094,15.916,16.092,17.837,19.708,18.662,20.116,23.13,26.866,30.705,33.017,35.22,37.568,40.216
Burundi,1.106,1.151,1.216,1.287,1.17,1.362,1.435,1.352,1.267,1.316,1.316,1.358,1.26,1.092,1.076,1.164,1.011,1.131,1.039,0.999,0.989,0.983,0.907,0.844,0.952,1.117,1.273,1.356,1.612,1.775,2.032,2.236,2.333,2.456,2.706,3.104,2.96,3.172,3.037,3.009,3.089,3.356,3.922,4.291,4.827,7.025,9.212,10.528,10.521,10.331,9.73
Cabo Verde,0.157,0.187,0.149,0.144,0.146,0.164,0.212,0.264,0.322,0.332,0.413,0.443,0.479,0.431,0.45,0.57,0.611,0.609,0.648,0.693,0.699,0.791,0.867,1.105,1.263,1.395,1.452,1.65,1.96,1.852,1.825,2.047,1.913,2.029,2.042,1.75,1.85,1.997,2.205,2.251,1.829,2.053,2.252,2.501,2.726,2.915,3.138,3.362,3.595,3.845,4.102
Cambodia,no data,no data,no data,no data,no data,no data,0.205,0.141,0.276,0.346,0.898,2.007,2.435,2.422,2.76,3.43,3.509,3.462,3.132,3.522,3.707,4.154,4.507,5.054,5.879,7.058,8.342,10.117,12.162,12.49,13.796,16.017,17.829,19.806,22.04,24.217,26.591,29.394,33.181,36.682,34.898,36.797,39.089,42.404,46.098,48.802,51.506,55.269,59.55,64.293,69.565
Cameroon,8.85,10.026,9.616,9.692,10.243,10.698,13.945,16.152,16.403,14.626,14.641,16.325,14.963,15.611,10.622,10.075,11.227,11.352,11.338,11.553,10.245,10.95,12.369,15.944,18.803,19.534,20.912,23.931,27.712,27.903,27.53,30.626,30.174,33.729,36.396,32.213,33.805,36.086,39.992,39.673,40.863,45.036,44.442,49.287,54.394,60.577,67.517,73.025,78.787,85.008,91.528
Canada,276.064,307.246,314.639,341.863,356.728,366.184,379.015,433.14,509.38,567.225,596.089,612.514,594.376,579.059,579.913,605.941,630.598,655.01,634.004,678.417,744.631,738.968,760.149,895.599,1026.473,1173.505,1319.356,1468.896,1552.864,1376.509,1617.345,1793.327,1828.362,1846.595,1805.751,1556.508,1527.996,1649.266,1725.3,1743.725,1655.685,2022.382,2190.411,2173.34,2243.637,2283.599,2420.837,2539.681,2652.785,2771.982,2910.474
Central African Republic,0.714,0.743,0.719,0.69,0.67,0.883,1.158,1.275,1.372,1.354,1.572,1.498,1.494,1.309,0.858,1.117,1,0.979,1.036,1.039,0.868,0.899,0.983,1.188,1.31,1.413,1.538,1.755,2.033,2.059,2.141,2.435,2.512,1.692,2.051,1.866,1.995,2.198,2.383,2.444,2.48,2.672,2.515,2.721,2.831,3.3,3.708,4.098,4.429,4.79,5.212
Chad,0.958,1.133,1.095,1.096,1.177,1.275,1.57,1.78,2.081,1.966,2.369,2.347,2.446,2.138,1.732,2.123,2.36,2.268,2.561,2.256,2.039,2.512,2.928,4.025,6.49,8.66,9.71,10.867,13.384,12.304,14.07,16.682,17.878,17.861,18.186,14.566,13.075,13.258,15.169,14.819,14.812,16.975,18.052,18.638,19.836,21.592,23.556,24.774,26.105,27.606,29.213
Chile,29.032,34.374,25.63,20.819,20.246,17.36,18.662,22.01,25.947,29.889,33.231,38.249,46.597,49.855,57.517,74.119,78.575,85.73,81.996,75.596,78.25,71.517,70.295,76.508,99.079,122.315,153.84,172.565,179.663,171.794,217.105,251.225,267.165,277.218,259.394,242.515,249.306,276.357,295.428,278.04,254.06,315.411,301.27,335.627,330.21,347.174,363.299,380.53,396.837,413.81,431.103
"China, People's Republic of",303.55,289.215,285.139,306.013,314.832,310.709,301.471,328.305,409.363,458.985,397.359,415.946,495.515,621.918,566.297,737.654,868.77,967.886,1035.51,1101.134,1220.337,1351.372,1486.618,1680.942,1978.937,2325.515,2797.286,3612.21,4653.314,5176.18,6138.992,7624.861,8682.939,9782.784,10701.415,11307.226,11448.003,12503.299,14110.963,14572.41,15103.357,18190.803,18307.816,18270.351,18749.759,19398.577,20650.754,22016.582,23451.376,24852.392,26336.991
Colombia,46.501,50.661,54.252,53.92,53.257,48.581,48.648,50.64,54.592,55.048,56.071,57.954,68.579,77.721,97.665,110.564,116.13,127.49,117.725,103.132,99.27,97.606,97.353,94.072,116.382,145.601,161.793,206.23,242.504,232.469,286.499,334.966,370.691,382.094,381.241,293.493,282.72,311.889,334.124,323.054,270.348,318.525,345.632,366.292,418.818,438.121,462.251,482.176,504.35,528.479,552.724
Comoros,0.243,0.213,0.202,0.196,0.189,0.192,0.258,0.313,0.336,0.329,0.402,0.401,0.437,0.428,0.315,0.393,0.392,0.363,0.364,0.372,0.34,0.373,0.427,0.547,0.622,0.656,0.689,0.796,0.916,0.904,0.909,1.023,1.016,1.116,1.15,0.966,1.013,1.077,1.179,1.188,1.218,1.273,1.224,1.328,1.442,1.613,1.77,1.882,2.001,2.12,2.253
"Congo, Dem. Rep. of the",68.606,59.726,64.939,52.378,34.951,31.943,35.84,33.932,39.314,40.006,41.448,40.25,36.333,47.45,25.746,25.021,32.099,28.819,21.089,19.147,19.077,7.246,8.72,9.022,10.275,12.72,15.403,18.598,22.665,18.626,22.34,26.406,30.074,34.908,38.355,40.154,38.086,39.461,48.037,50.891,51.912,57.718,66.161,67.426,74.498,82.262,88.126,93.862,100.438,107.977,115.223
"Congo, Republic of ",2.165,1.775,1.548,1.407,1.294,1.327,1.815,2.205,2.346,2.478,2.909,3.035,3.28,3.004,2.068,2.457,2.84,2.568,2.24,2.646,3.624,3.038,3.33,3.863,5.101,6.654,8.073,8.784,11.649,9.713,13.159,15.653,17.704,17.959,17.918,11.891,10.928,11.83,14.781,13.977,11.485,13.387,13.967,14.169,14.774,15.695,16.952,17.971,19.152,20.406,21.674
Costa Rica,4.854,2.636,2.619,3.162,3.678,3.941,4.425,4.554,4.636,5.25,5.737,7.197,8.566,9.586,10.489,11.578,11.683,12.618,13.688,14.259,15.016,15.979,16.584,17.277,18.615,20.049,22.717,26.885,30.802,30.746,37.656,42.762,47.231,50.949,52.017,56.442,58.847,60.517,62.422,64.412,62.382,64.954,69.235,86.509,95.365,102.637,109.135,115.836,122.994,130.402,138.24
Croatia,no data,no data,no data,no data,no data,no data,no data,no data,no data,no data,no data,no data,0.568,7.358,16.669,20.657,22.104,22.101,23.971,23.593,22.145,23.067,26.739,35.239,41.82,45.035,49.593,59.303,68.469,62.255,59.032,62.889,57.585,59.854,59.628,51.012,52.64,56.166,61.694,61.472,57.919,69.055,71.26,84.429,92.643,103.901,113.132,118.4,123.879,129.666,135.725
Cyprus,2.314,2.242,2.319,2.321,2.447,2.611,3.317,3.979,4.589,4.901,6.003,6.195,7.424,7.098,8.004,9.937,10.016,9.544,10.251,10.502,9.988,10.397,11.422,14.552,17.328,18.713,20.422,24.082,27.955,26.02,25.821,27.637,25.063,23.96,23.232,19.911,21.041,22.938,25.766,26.2,25.535,30.393,30.96,33.897,36.322,39.943,43.158,45.088,47.362,49.735,52.205
Czech Republic,no data,no data,no data,no data,no data,no data,no data,no data,no data,no data,no data,no data,no data,no data,no data,60.565,67.805,62.53,67.161,65.586,62.171,68.136,82.596,100.471,120.148,137.264,156.236,189.845,236.82,207.095,211.169,231.429,210.363,213.024,210.911,189.108,198.161,221.564,251.992,256.794,251.11,290.973,301.831,345.059,347.034,383.384,417.134,433.435,450.45,467.644,485.675
Côte d'Ivoire,13.877,11.502,10.32,9.312,9.284,9.47,12.675,13.944,14.092,13.487,14.923,14.504,15.416,15.268,11.492,15.205,16.78,16.203,17.433,17.114,14.851,15.485,17.148,21.206,22.924,23.626,24.628,28.158,33.621,33.693,34.431,35.529,37.03,43.228,48.882,45.815,48.408,52.512,58.522,60.383,63.119,72.833,71.075,79.63,87.096,99.207,111.446,120.751,131.064,142.9,155.669
Denmark,70.811,61.46,60.084,60.331,58.869,62.452,87.749,109.183,115.54,112.312,138.219,139.182,152.966,143.11,156.019,184.85,187.482,173.242,176.876,177.887,164.043,164.881,178.788,218.422,251.988,265.15,283.387,320.213,354.977,322.621,322.346,344.316,326.793,344.631,352.833,301.759,312.182,331.611,355.293,345.402,355.631,406.11,400.115,404.652,424.525,459.612,500.051,521.566,542.455,563.668,585.835
Djibouti,no data,no data,no data,no data,no data,no data,no data,no data,no data,no data,0.635,0.65,0.672,0.655,0.691,0.699,0.694,0.706,0.722,0.759,0.781,0.811,0.837,0.882,0.936,0.996,1.08,1.191,1.382,1.426,1.544,1.74,1.901,2.044,2.221,2.424,2.605,2.763,2.913,3.089,3.144,3.393,3.563,3.917,4.291,4.613,5.003,5.406,5.779,6.132,6.557
Dominica,0.073,0.082,0.09,0.099,0.109,0.119,0.135,0.152,0.171,0.185,0.201,0.22,0.234,0.246,0.264,0.275,0.292,0.303,0.322,0.332,0.333,0.34,0.333,0.343,0.367,0.364,0.39,0.421,0.458,0.489,0.494,0.501,0.486,0.498,0.52,0.541,0.576,0.522,0.555,0.612,0.504,0.555,0.607,0.654,0.698,0.748,0.791,0.831,0.873,0.914,0.957
Dominican Republic,8.672,9.698,9.141,9.461,14.87,6.496,7.891,8.305,7.605,8.589,7.995,9.887,11.605,13.081,14.645,16.637,18.242,20.017,21.672,22.137,24.306,25.602,27.249,21.518,22.506,35.948,37.998,44.067,48.174,48.281,53.862,58.006,60.627,62.631,67.098,71.056,75.625,79.153,85.068,89.237,78.625,95.067,113.813,120.794,124.613,129.748,138.34,148.48,159.305,170.854,183.123
Ecuador,16.116,16.501,16.474,14.478,15.408,18.02,13.222,12.355,11.749,11.531,11.71,13.139,14.367,16.783,20.238,21.98,23.001,25.847,26.292,18.891,17.531,23.127,27.054,30.965,35.195,40.279,45.691,49.849,61.139,60.095,68.151,78.987,87.735,96.57,102.718,97.21,97.671,104.467,107.479,107.596,95.865,107.179,116.133,121.147,124.676,130.529,134.711,140.226,146.065,152.413,159.376
Egypt,23.523,25.76,30.479,37.254,41.888,48.841,54.076,77.359,92.53,115.362,96.087,48.431,44.168,49.526,54.55,63.25,71.118,79.777,89.189,95.039,104.752,102.273,90.261,85.163,82.855,94.127,112.902,137.055,170.797,198.316,230.024,247.726,294.482,303.194,321.634,350.119,351.443,246.826,263.156,317.894,382.525,423.3,475.231,393.828,383.105,349.264,399.508,438.709,485.26,535.985,589.853
El Salvador,3.912,3.449,3.406,3.261,2.385,2.319,2.335,2.374,2.771,3.167,4.818,5.252,5.813,6.68,7.679,8.922,9.586,10.222,10.937,11.284,11.785,12.283,12.664,13.244,13.725,14.698,16,17.012,17.987,17.602,18.448,20.284,21.386,21.991,22.593,23.438,24.191,24.979,26.021,26.881,24.921,29.043,31.87,33.854,35.365,36.587,37.981,39.971,42.094,44.064,46.246
Equatorial Guinea,0.032,0.03,0.035,0.04,0.044,0.074,0.091,0.111,0.119,0.105,0.133,0.132,0.16,0.162,0.12,0.169,0.276,0.526,0.44,0.738,1.159,1.674,2.07,3.733,5.935,8.191,10.096,13.091,19.828,15.072,16.328,21.354,22.403,21.949,21.771,13.187,11.238,12.197,13.309,11.365,9.908,12.222,13.717,12.339,12.769,13.467,14.103,14.322,14.722,15.368,16.181
Eritrea,no data,no data,no data,no data,no data,no data,no data,no data,no data,no data,no data,no data,0.606,0.374,0.433,0.483,0.579,0.594,0.626,0.614,0.547,0.582,0.564,0.673,0.858,0.85,0.937,1.02,0.923,1.297,1.59,2.065,2.255,1.958,2.604,2.016,2.213,1.904,2.006,1.982,no data,no data,no data,no data,no data,no data,no data,no data,no data,no data,no data
Estonia,no data,no data,no data,no data,no data,no data,no data,no data,no data,no data,no data,no data,no data,1.791,2.507,3.909,4.785,5.16,5.678,5.771,5.707,6.265,7.393,9.894,12.161,14.129,17.049,22.478,24.434,19.694,19.569,23.3,23.252,25.451,27.063,23.314,24.554,27.46,31.237,31.877,31.795,37.226,38.257,41.482,43.117,46.763,51.036,53.619,56.106,58.687,61.302
Eswatini,0.733,0.775,0.693,0.713,0.61,0.482,0.617,0.807,0.958,0.977,1.201,1.247,1.384,1.454,1.575,1.876,1.777,1.901,1.745,1.713,1.689,1.499,1.394,2.134,2.694,3.085,3.198,3.365,3.203,3.492,4.31,4.686,4.745,4.467,4.289,3.907,3.723,4.468,4.645,4.617,4.122,4.786,4.741,4.604,4.944,5.201,5.495,5.724,5.927,6.127,6.317
Ethiopia,7.385,7.578,7.973,8.863,8.375,9.808,10.188,10.89,11.285,11.872,12.595,13.928,14.696,9.143,8.135,7.887,8.794,8.621,7.815,7.515,8.167,8.103,7.828,8.604,10.122,12.387,15.31,19.329,26.25,28.672,26.887,30.48,42.221,46.544,54.165,63.081,72.12,76.841,80.207,92.608,96.611,99.261,118.958,159.761,142.073,109.492,125.744,143.648,165.178,190.026,217.932
Fiji,1.303,1.339,1.293,1.217,1.276,1.236,1.398,1.276,1.202,1.281,1.448,1.5,1.659,1.772,1.977,2.134,2.307,2.268,1.795,2.104,1.824,1.798,1.996,2.509,2.954,3.257,3.361,3.688,3.816,3.106,3.402,4.094,4.303,4.539,4.857,4.682,4.93,5.353,5.581,5.345,4.228,4.159,4.978,5.477,5.968,6.336,6.696,7.054,7.435,7.836,8.261
Finland,53.714,52.62,53.111,51.056,53.032,56.223,73.652,91.775,109.255,119.106,141.726,128.215,113.139,89.177,103.621,134.21,132.046,127.027,134.164,135.369,126.023,129.521,140.262,171.57,197.369,204.973,217.056,256.39,285.667,253.206,249.633,275.079,257.606,270.272,273.549,233.234,238.712,253.757,273.993,267.044,269.784,294.419,280.474,295.135,298.607,314.724,335.534,346.309,356.83,368.667,381.547
France,695.475,612.552,581.254,555.956,526.671,551.596,766.302,927.257,1012.843,1017.702,1260.874,1263.244,1392.563,1315.795,1388.477,1596.25,1599.248,1451.058,1498.974,1488.392,1361.56,1370.386,1491.373,1834.637,2108.835,2193.358,2317.985,2656.13,2926.483,2697.144,2648.391,2869.903,2684.706,2816.119,2861.973,2442.731,2469.726,2587.955,2782.838,2723.094,2645.806,2968.405,2796.987,3061.093,3160.902,3361.557,3558.562,3661.084,3772.836,3890.001,4009.171
Gabon,4.559,4.111,3.853,3.689,3.547,3.736,4.889,3.699,4.079,4.458,6.339,5.754,5.955,5.757,4.463,5.281,6.064,5.673,4.774,4.966,5.397,5.023,5.332,6.51,7.767,9.468,10.164,12.457,15.57,12.188,14.384,18.207,17.181,17.596,18.209,14.385,14.02,14.924,16.83,16.875,15.364,19.455,20.485,20.059,20.9,21.455,22.726,23.635,24.659,25.761,26.903
"Gambia, The",0.606,0.58,0.547,0.55,0.396,0.482,0.376,0.504,0.585,0.614,0.721,0.76,0.82,0.878,0.87,0.909,0.949,0.983,1.009,1.036,1.01,1.002,0.887,0.843,0.962,1.028,1.054,1.28,1.562,1.45,1.543,1.41,1.415,1.376,1.229,1.355,1.47,1.498,1.662,1.806,1.809,2.045,2.135,2.245,2.355,2.497,2.672,2.866,3.079,3.308,3.569
Georgia,no data,no data,no data,no data,no data,no data,no data,no data,no data,no data,no data,no data,no data,no data,0.85,1.961,3.148,3.608,3.73,2.898,3.144,3.311,3.493,4.103,5.269,6.59,7.979,10.458,13.158,11.069,12.425,15.475,16.894,17.516,17.966,15.223,15.445,16.472,17.905,17.645,16.013,18.849,24.985,30.778,33.775,37.403,40.177,42.408,44.723,47.202,49.802
Germany,856.833,720.895,696.088,694.447,654.289,663.459,947.583,1179.165,1271.263,1262,1604.497,1882.489,2146.14,2080.092,2220.165,2595.269,2507.448,2221.504,2250.847,2216.072,1967.85,1966.395,2100.865,2534.081,2851.023,2894.992,3046.47,3484.467,3807.781,3474.768,3469.925,3822.903,3598.761,3807.079,3965.893,3425.446,3535.812,3764.023,4057.272,3960.332,3938.244,4358.147,4204.327,4563.523,4684.182,5013.574,5328.184,5498.618,5674.354,5848.295,6013.749
Ghana,38.684,61.487,70.954,49.337,17.998,15.97,15.086,12.692,13.566,13.723,15.882,17.795,17.666,14.532,13.433,15.692,16.629,17.024,18.528,19.165,12.349,13.113,15.229,18.79,21.754,26.415,30.963,36.544,41.323,37.127,45.447,53.625,55.8,62.846,54.678,49.437,56.144,60.385,67.259,68.353,70.008,79.514,73.919,80.547,82.825,111.963,113.494,117.237,121.933,128.129,135.908
Greece,56.217,51.873,54.114,48.913,47.657,47.269,55.636,64.769,75.384,78.148,96.601,104.164,114.846,107.505,115.055,135.036,142.513,138.93,139.821,143.693,127.438,132.051,150.148,196.881,234.873,242.45,269.088,314.264,351.083,326.474,296.66,283.178,238.992,236.56,233.972,194.587,193.044,200.31,213.396,207.329,191.21,218.449,219.053,243.569,257.067,282.019,304.838,316.711,327.921,339.478,351.607
Grenada,0.111,0.116,0.125,0.132,0.146,0.168,0.188,0.215,0.236,0.267,0.278,0.301,0.31,0.31,0.325,0.342,0.367,0.392,0.446,0.482,0.52,0.52,0.54,0.591,0.599,0.695,0.699,0.759,0.826,0.771,0.771,0.779,0.8,0.843,0.911,0.997,1.062,1.126,1.167,1.213,1.043,1.122,1.224,1.336,1.395,1.458,1.524,1.606,1.687,1.768,1.852
Guatemala,7.718,8.431,8.539,8.864,9.276,10.951,5.921,6.857,7.426,8.561,7.535,9.174,10.138,11.045,12.482,14.05,14.992,16.982,18.461,17.422,18.124,19.735,21.924,23.092,24.977,28.179,31.308,35.028,40.242,37.997,41.493,47.419,49.902,52.989,57.835,62.18,66.034,71.624,73.331,77.156,77.718,86.443,95.642,104.354,113.19,120.85,129.466,139.473,150.202,161.821,174.485
Guinea,2.4,2.381,2.335,2.284,2.327,2.473,2.675,2.84,3.317,3.384,3.71,4.195,4.57,4.562,4.707,5.139,5.316,5.212,5.003,4.798,4.039,3.806,4.022,4.759,5.012,4.506,4.178,6.317,6.966,6.753,6.858,6.775,7.387,8.376,8.777,8.79,8.604,10.325,11.857,13.443,14.089,16.32,19.589,22.089,24.229,27.515,30.922,34.486,38.499,43.225,47.778
Guinea-Bissau,0.289,0.37,0.421,0.475,0.33,0.485,0.474,0.401,0.374,0.449,0.548,0.772,0.846,0.653,0.361,0.778,0.741,0.704,0.592,0.58,0.392,0.413,0.466,0.553,0.582,0.64,0.635,0.753,0.953,0.889,0.941,1.157,1.05,1.11,1.136,1.153,1.245,1.469,1.555,1.487,1.523,1.722,1.721,2.005,2.186,2.474,2.764,2.976,3.192,3.429,3.683
Guyana,0.842,0.808,0.692,0.703,0.654,0.697,0.789,0.728,0.828,0.832,0.685,0.744,0.823,1.003,1.176,1.332,1.495,1.587,1.5,1.488,1.497,1.504,1.555,1.592,1.657,1.712,1.899,2.225,2.491,2.596,2.889,3.328,4.063,4.168,4.128,4.28,4.483,4.748,4.788,5.174,5.471,8.041,14.718,16.919,24.659,25.064,27.486,31.423,34.836,38.608,40.275
Haiti,2.664,2.932,3.05,3.273,3.627,4.028,4.475,2.205,1.45,1.34,1.706,1.53,0.918,1.107,3.054,4.846,5,5.748,6.408,7.148,6.81,6.285,6.064,4.866,6.037,7.186,7.507,9.522,10.488,11.598,11.852,13.009,13.709,14.904,15.137,14.831,13.996,15.036,16.454,14.787,14.508,21.017,19.826,19.603,25.285,30.908,31.097,31.965,32.556,32.004,32.37
Honduras,3.968,4.044,4.267,4.477,4.915,5.278,5.678,6.191,6.877,7.877,4.923,4.649,4.944,4.961,4.642,5.415,5.217,5.736,6.366,6.417,7.104,7.652,7.857,8.229,8.866,9.755,10.917,12.361,13.884,14.586,15.837,17.71,18.523,18.494,19.753,20.978,21.712,23.138,24.067,24.883,23.35,28.146,31.425,34.356,37.1,39.445,40.821,43.091,45.607,48.284,51.079
Hong Kong SAR,28.862,31.055,32.291,29.907,33.511,35.7,41.076,50.623,59.708,68.79,76.929,88.96,104.272,120.354,135.812,144.652,159.718,177.349,168.858,165.734,171.643,169.381,166.336,161.37,169.085,181.556,193.515,211.583,219.279,214.048,228.639,248.514,262.629,275.697,291.46,309.386,320.86,341.271,361.731,363.075,344.941,368.954,358.68,381.043,406.863,428.233,446.646,466.327,487.671,511.827,536.95
Hungary,23.117,23.706,24.142,21.91,21.243,21.511,24.778,27.233,29.8,30.423,34.478,34.867,38.857,40.256,43.308,46.578,46.834,47.399,48.784,49.16,47.276,53.8,67.636,85.19,104.015,113.098,115.604,140.123,158.228,130.807,131.899,141.713,128.47,135.646,141.129,125.244,128.984,143.335,161.185,164.927,158.468,183.283,178.321,214.098,223.06,247.759,269.916,284.122,298.583,314.311,331.126
Iceland,3.434,3.543,3.251,2.793,2.892,3.009,4.014,5.561,6.145,5.7,6.504,6.949,7.105,6.225,6.393,7.124,7.426,7.717,8.638,9.108,9.14,8.323,9.416,11.565,13.964,17.146,17.672,21.96,18.248,13.213,13.923,15.394,14.944,16.244,18.052,17.7,21.084,25.06,26.678,24.986,22.035,26.235,29.166,31.678,33.255,38.386,43.404,46.655,50.249,54.066,58.161
India,186.17,193.153,200.035,218.218,211.843,233.52,248.398,278.864,294.479,296.043,320.979,270.105,288.21,279.295,327.275,360.281,392.902,415.895,421.378,458.821,468.396,485.44,514.938,607.701,709.152,820.385,940.26,1216.736,1198.895,1341.889,1675.615,1823.052,1827.637,1856.721,2039.127,2103.588,2294.797,2651.474,2702.93,2835.606,2674.852,3167.271,3346.107,3638.49,3909.892,4125.213,4505.629,4958.953,5461.673,6015.999,6627.982
Indonesia,99.296,110.848,113.799,103.149,107.218,107.062,101.22,95.214,107.279,122.582,138.258,154.558,168.28,190.913,213.727,244.227,274.722,260.68,115.323,169.158,179.482,174.507,212.807,255.346,279.344,310.92,396.518,470.092,558.291,578.577,755.094,892.969,917.87,912.524,890.815,860.854,931.877,1015.619,1042.272,1119.1,1059.055,1186.51,1319.101,1371.169,1396.3,1443.256,1550.236,1662.609,1790.541,1929.208,2079.139
Iran,116.976,123.852,153.533,191.522,197.372,220.341,254.987,338.089,380.698,463.073,709.094,371.097,61.598,78.656,97.415,140.28,192.871,224.733,250.194,335.737,447.805,403.943,161.932,193.34,230.618,276.383,326.45,430.465,498.712,509.095,598.566,722.13,487.11,494.544,532.056,471.415,477.575,507.8,343.713,252.142,209.51,307.337,403.254,421.547,416.676,356.513,375.644,416.433,454.404,482.125,511.317
Iraq,no data,no data,no data,no data,no data,no data,no data,no data,no data,no data,no data,no data,no data,no data,no data,no data,no data,no data,no data,no data,25.984,21.113,21.063,15.8,36.642,50.065,65.144,88.833,131.614,111.66,138.517,185.75,218.032,234.638,234.651,177.634,168.429,190.048,230.189,236.682,182.576,210.753,288.059,270.799,278.771,265.455,273.912,288.758,306.064,325.568,345.909
Ireland,21.425,20.423,21.313,20.618,19.883,21.168,28.516,33.66,36.875,38.03,48.199,48.84,54.911,51.364,55.843,69.26,75.928,82.957,90.305,98.993,100.253,109.347,128.505,164.63,194.283,211.993,232.193,270.112,275.417,236.187,221.914,240.934,227.066,242.928,266.559,302.133,305.347,348.232,395.96,407.256,435.659,530.747,548.773,567.537,608.974,708.771,750.112,779.063,810.885,844.921,880.832
Israel,25.043,26.534,28.438,31.716,30.025,27.906,34.354,41.033,50.83,51.718,61.027,69.228,77.357,77.748,88.751,105.432,115.054,119.391,120.469,121.329,136.409,134.891,125.215,131.278,139.926,147.346,158.706,184.45,220.951,213.111,239.373,267.739,263.172,298.045,314.377,302.839,321.083,357.361,375.471,399.209,410.909,489.736,525.159,513.394,542.285,610.752,666.407,697.005,730.133,763.966,799.062
Italy,479.967,435.267,430.169,446.399,441.048,455.457,645.071,809.632,897.006,932.931,1164.328,1229.898,1305.099,1049.47,1082.455,1177.984,1315.136,1246.34,1274.381,1256.251,1150.169,1172.049,1280.841,1582.534,1811.987,1866.013,1958.667,2222.785,2417.242,2207.085,2146.687,2306.568,2099.259,2153.259,2173.815,1845.615,1886.59,1970.027,2100.387,2019.831,1905.956,2180.657,2105.723,2305.27,2372.059,2543.677,2701.544,2764.053,2833.607,2908.154,2985.05
Jamaica,2.631,2.891,3.319,2.95,2.174,2.045,2.431,2.741,3.267,3.788,4.784,4.396,4.44,5.581,5.594,6.719,7.586,8.618,9.015,9.118,9.3,9.433,9.971,9.675,10.439,11.524,12.256,13.215,14.099,12.421,13.535,14.787,15.149,14.582,14.225,14.927,14.931,15.726,16.767,17.002,15.079,15.982,18.71,21.299,21.9,23.137,24.132,25.09,25.977,26.898,27.814
Japan,1129.378,1245.221,1158.731,1270.86,1345.825,1427.02,2120.084,2580.749,3125.725,3109.455,3185.904,3648.066,3980.703,4536.941,4998.798,5545.566,4923.393,4492.449,4098.363,4635.982,4968.36,4374.71,4182.845,4519.564,4893.135,4831.467,4601.663,4579.75,5106.679,5289.494,5759.072,6233.148,6272.362,5212.328,4896.995,4444.931,5003.678,4930.837,5040.881,5117.995,5054.069,5039.148,4263.231,4204.573,4019.382,4279.828,4463.634,4624.079,4820.609,4947.728,5119.885
Jordan,3.932,4.416,4.713,4.953,5.003,5.033,6.445,6.794,6.364,4.279,4.187,4.373,5.403,5.615,6.321,6.759,7.054,7.389,8.163,8.414,8.725,9.268,9.972,10.575,11.771,13.134,15.795,17.957,22.648,24.538,27.134,29.524,31.679,34.503,36.9,38.642,39.949,41.667,43.432,44.566,43.762,46.362,48.834,51.161,53.428,56.157,59.288,62.593,66.082,69.766,73.656
Kazakhstan,no data,no data,no data,no data,no data,no data,no data,no data,no data,no data,no data,no data,2.875,5.152,11.881,16.639,21.035,22.166,22.135,16.871,18.292,22.153,24.637,30.834,43.152,57.125,81.003,104.85,133.442,115.309,148.047,192.626,207.999,236.635,221.416,184.388,137.278,166.806,179.34,181.667,171.082,197.112,225.496,261.84,291.48,300.052,319.77,348.039,373.868,401.608,429.484
Kenya,13.449,12.667,12.196,11.279,11.703,11.646,13.832,15.163,15.721,15.586,16.219,15.315,15.084,10.479,12.546,15.905,18.064,18.3,20.63,18.594,18.206,18.697,19.03,21.391,22.79,26.307,29.668,36.708,41.058,42.347,45.406,46.555,56.407,61.703,68.395,70.37,74.816,81.965,92.211,100.328,100.922,109.875,114.733,108.206,119.307,136.014,140.871,144.676,149.171,156.809,166.081
Kiribati,0.033,0.035,0.033,0.031,0.034,0.026,0.026,0.03,0.038,0.038,0.037,0.041,0.062,0.059,0.067,0.069,0.081,0.08,0.075,0.077,0.075,0.065,0.075,0.097,0.104,0.114,0.112,0.138,0.15,0.142,0.166,0.196,0.207,0.202,0.201,0.192,0.207,0.223,0.234,0.217,0.222,0.285,0.271,0.289,0.308,0.321,0.343,0.359,0.374,0.39,0.406
"Korea, Republic of",66.517,74.287,79.912,89.621,99.75,103.764,119.966,152.241,205.479,254.236,292.064,340.863,366.912,405.772,478.988,586.301,631.194,590.07,396.803,515.427,597.802,567.655,649.747,728.497,822.583,971.54,1094.545,1220.756,1093.487,982.854,1192.722,1307.239,1335.344,1434.67,1556.252,1539.212,1578.816,1710.197,1824.251,1751.046,1744.455,1942.314,1799.363,1844.801,1875.388,1858.572,1936.617,2017.01,2099.702,2184.804,2271.152
Kosovo,no data,no data,no data,no data,no data,no data,no data,no data,no data,no data,no data,no data,no data,no data,no data,no data,no data,no data,no data,no data,2.217,2.509,2.73,3.39,3.71,3.828,4.019,4.868,5.202,5.03,5.348,6.34,6.167,6.735,7.076,6.296,6.681,7.178,7.882,7.9,7.728,9.418,9.375,10.47,11.2,12.672,14.097,14.91,15.768,16.701,17.706
Kuwait,no data,25.249,21.583,20.871,21.7,21.445,17.904,22.368,20.69,24.313,18.239,10.791,19.871,23.955,24.859,27.186,31.491,30.35,25.941,30.126,37.714,34.906,38.129,47.869,59.439,80.799,101.548,114.608,147.391,105.992,115.401,154.02,174.066,174.179,162.695,114.606,109.399,120.688,138.655,140.855,111.048,148.346,183.539,165.396,160.226,157.469,162.895,169.17,176.086,183.096,190.176
Kyrgyz Republic,no data,no data,no data,no data,no data,no data,no data,no data,no data,no data,no data,no data,0.917,0.665,1.108,1.493,1.822,1.767,1.63,1.242,1.368,1.525,1.606,1.92,2.214,2.459,2.837,3.807,5.139,4.69,4.794,6.198,6.604,7.335,7.467,6.678,6.813,7.703,8.271,9.372,8.283,9.256,12.269,15.187,17.491,20.16,21.563,23.072,24.649,26.349,28.155
Lao P.D.R.,1.913,1.118,1.119,2.047,2.93,3.685,2.577,1.815,1.182,1.46,1.742,2.053,2.354,2.652,3.081,3.579,3.726,3.515,1.334,1.415,1.72,1.757,1.844,2.26,2.651,3.079,3.934,4.757,5.946,6.431,7.506,8.964,10.194,11.972,13.266,14.418,15.904,17.055,18.131,18.77,18.511,18.533,15.121,15.011,15.908,16.934,17.781,18.613,19.471,20.387,21.343
Latvia,no data,no data,no data,no data,no data,no data,no data,no data,no data,no data,no data,no data,1.641,2.643,4.391,5.242,5.799,6.351,6.977,7.325,7.765,8.192,9.256,11.249,13.831,16.332,20.453,29.463,34.296,25.758,23.509,26.832,27.136,29.157,30.285,26.347,27.11,29.381,33.263,33.103,33.353,38.209,38.045,42.584,43.508,47.88,52.248,55.114,57.86,60.722,63.664
Lebanon,4.02,3.843,2.621,3.611,4.269,3.566,2.78,3.254,3.269,2.682,2.801,4.392,5.472,7.435,8.988,10.971,12.824,15.535,17.059,17.174,17.018,17.361,18.837,19.486,21.16,21.497,22.023,24.827,29.119,35.4,38.444,39.927,44.017,46.88,48.095,49.929,51.15,53.03,54.9,50.928,24.976,19.782,24.748,23.607,28.28,no data,no data,no data,no data,no data,no data
Lesotho,0.428,0.435,0.362,0.401,0.36,0.288,0.331,0.434,0.496,0.519,0.635,0.743,0.863,0.865,0.915,1.032,0.977,1.027,0.949,0.937,0.922,0.774,0.856,1.256,1.598,1.73,1.72,1.759,1.652,1.937,2.356,2.571,2.465,2.345,2.477,2.202,2.206,2.424,2.472,2.323,2.092,2.445,2.275,2.215,2.298,2.39,2.474,2.535,2.629,2.714,2.885
Liberia,no data,no data,no data,no data,no data,no data,no data,no data,no data,no data,no data,no data,no data,no data,no data,no data,no data,no data,no data,no data,0.863,0.904,0.943,0.714,0.897,0.944,1.109,1.344,1.676,1.765,1.966,2.34,2.675,3.044,3.09,3.092,3.256,3.321,3.264,3.08,3.037,3.509,3.974,4.39,4.778,5.182,5.594,5.971,6.367,6.796,7.276
Libya,40.19,34.72,34.616,32.988,30.89,30.384,24.756,23.009,25.87,27.446,31.627,34.995,35.459,31.912,29.719,33.739,36.827,37.702,30.921,37.129,39.498,35.206,21.128,27.026,34.054,48.852,60.094,68.211,86.804,60.767,75.381,48.17,92.542,75.355,57.384,48.718,49.913,67.153,76.682,69.237,46.893,35.216,43.281,43.958,48.363,47.941,49.164,51.158,53.138,55.463,57.857
Liechtenstein,no data,no data,no data,no data,no data,no data,no data,no data,no data,no data,no data,no data,no data,no data,no data,no data,no data,no data,no data,no data,2.701,2.708,2.906,3.311,3.735,3.964,4.338,5.006,5.512,4.858,5.503,6.197,5.866,6.392,6.658,6.269,6.237,6.474,6.693,6.437,6.405,7.913,7.378,8.286,8.5,9.424,10.116,10.586,11.07,11.575,12.119
Lithuania,no data,no data,no data,no data,no data,no data,no data,no data,no data,no data,no data,no data,no data,no data,no data,6.742,8.44,10.159,11.284,11.017,11.541,12.26,14.283,18.801,22.71,26.118,30.138,39.765,48.004,37.591,36.693,43.201,42.736,46.321,48.388,41.548,42.952,47.745,54.294,55.132,57.352,67.068,71.082,79.824,84.847,95.274,104.651,109.192,114.332,119.919,125.875
Luxembourg,6.434,5.549,4.557,4.473,4.385,4.544,6.611,8.211,9.301,9.903,12.628,13.683,15.328,15.714,17.487,20.571,20.464,18.428,19.263,21.089,21.24,21.388,23.633,29.66,35.049,37.693,42.912,51.594,58.838,54.408,56.26,61.685,59.814,65.204,68.822,60.078,62.2,65.689,71.118,69.88,73.612,86.444,80.865,88.815,93.252,100.642,107.758,112.169,116.867,121.716,126.829
Macao SAR,no data,no data,no data,no data,no data,no data,no data,no data,no data,no data,no data,no data,no data,no data,no data,no data,no data,no data,no data,no data,no data,6.86,7.372,8.247,10.643,12.16,14.874,18.44,21.027,21.588,28.242,36.844,43.19,51.536,54.903,45.048,45.071,50.384,55.191,55.082,25.344,30.969,24.998,45.802,50.182,52.379,54.935,57.762,60.623,63.729,66.877
Madagascar,5.202,4.759,4.785,4.686,3.906,3.803,4.348,3.213,3.189,3.176,3.931,3.255,3.715,4.063,3.522,3.838,4.932,4.263,4.402,4.278,4.629,5.438,5.352,6.372,5.065,5.859,6.396,8.525,10.725,9.617,9.983,11.552,11.579,12.424,12.523,11.323,11.849,13.176,13.76,14.105,13.051,14.355,15.326,15.87,17.421,19.377,21.091,22.957,25.38,28.045,30.993
Malawi,3.022,3.022,2.881,2.986,2.949,2.762,2.883,2.834,3.258,3.715,4.222,5.38,4.394,5.056,2.93,3.412,5.569,6.504,4.275,4.336,4.257,4.178,4.922,4.521,4.895,5.148,5.63,6.24,7.492,8.723,9.796,11.241,8.421,7.648,8.526,9.014,7.733,8.943,9.882,11.031,11.847,12.475,12.531,13.439,11.797,14.975,17.855,20.945,24.176,27.551,31.325
Malaysia,26.757,27.321,29.278,32.745,37.087,34.09,30.303,34.529,37.845,41.678,47.245,53.519,64.427,72.857,81.156,96.606,109.846,109.116,78.639,86.203,102.149,101.054,109.833,120.025,135.869,150.345,170.41,202.732,241.946,211.847,258.64,302.184,318.909,327.869,342.868,301.355,301.256,319.109,358.783,365.178,337.456,373.785,407.83,399.949,422.227,470.572,505.364,537.582,572.617,608.846,646.456
Maldives,0.063,0.073,0.087,0.094,0.113,0.134,0.158,0.149,0.178,0.201,0.231,0.262,0.306,0.346,0.382,0.466,0.527,0.652,0.693,0.756,0.801,0.767,0.828,1.052,1.227,1.163,1.575,1.868,2.272,2.345,2.588,2.629,2.885,3.286,3.69,4.118,4.398,4.809,5.398,5.716,3.706,5.24,6.168,6.611,7.052,7.676,8.221,8.729,9.26,9.824,10.426
Mali,2.031,1.66,1.468,1.418,1.416,1.426,1.981,2.308,2.316,2.827,3.223,3.284,3.372,3.362,2.575,3.337,3.416,3.208,3.328,3.444,2.963,3.468,3.905,4.713,5.452,6.251,6.906,8.157,9.871,10.249,10.698,12.993,12.45,13.243,14.369,13.106,14.022,15.36,17.079,17.281,17.491,19.32,19.319,21.184,22.789,25.591,28.478,30.479,32.617,34.931,37.414
Malta,no data,no data,no data,no data,no data,no data,no data,no data,no data,no data,no data,no data,no data,no data,no data,3.353,3.419,3.461,3.667,3.827,4.042,4.072,4.462,5.425,6.109,6.392,6.783,7.972,9.171,8.76,9.104,9.788,9.616,10.797,11.891,11.342,12.022,14.156,16.161,16.34,16.392,19.753,18.943,22.617,24.964,27.745,30.437,32.211,34.114,36.158,38.339
Marshall Islands,no data,no data,no data,no data,no data,no data,no data,no data,no data,no data,no data,no data,no data,no data,no data,no data,no data,0.11,0.112,0.113,0.115,0.123,0.132,0.131,0.133,0.138,0.143,0.15,0.147,0.151,0.161,0.172,0.181,0.186,0.186,0.184,0.202,0.214,0.22,0.233,0.242,0.259,0.253,0.259,0.281,0.302,0.332,0.357,0.376,0.392,0.408
Mauritania,no data,no data,no data,no data,no data,no data,no data,no data,no data,no data,1.793,2.055,2.164,1.847,1.945,2.092,2.132,2.072,2.027,1.986,1.78,1.746,1.777,2.051,2.362,2.936,4.009,4.328,5.138,4.725,5.637,6.782,6.721,7.331,6.615,6.182,6.414,6.826,7.472,7.894,8.464,9.126,9.564,10.724,11.003,11.953,12.854,13.463,14.325,15.135,15.498
Mauritius,1.242,1.179,1.131,1.198,1.108,1.122,1.515,1.919,2.225,2.286,2.743,3.017,3.398,3.502,3.887,4.439,4.59,4.31,4.354,4.597,4.935,4.882,5.123,6.155,6.962,6.867,7.123,8.26,10.125,9.252,10.138,11.673,11.826,12.293,13.074,12.007,12.594,13.714,14.736,14.436,11.408,11.484,12.908,14.101,14.986,15.73,16.756,17.848,18.997,20.196,21.447
Mexico,242.153,311.012,225.706,184.01,217.001,230.272,159.434,174.84,213.893,260.663,307.613,368.772,427.661,530.226,553.618,380.182,432.158,523.45,557.485,631.24,742.061,796.055,810.666,765.55,819.459,917.572,1020.265,1102.356,1161.553,943.437,1105.424,1229.014,1255.11,1327.436,1364.508,1213.294,1112.233,1190.721,1256.3,1304.106,1121.065,1316.569,1466.935,1798.318,1856.366,1862.74,2030.999,2125.974,2226.997,2332.093,2442.324
"Micronesia, Fed. States of",no data,no data,no data,no data,no data,no data,no data,no data,no data,no data,no data,no data,no data,no data,no data,0.222,0.221,0.207,0.219,0.22,0.233,0.24,0.24,0.243,0.236,0.247,0.25,0.253,0.261,0.277,0.292,0.308,0.324,0.314,0.316,0.312,0.327,0.361,0.394,0.395,0.373,0.392,0.416,0.444,0.471,0.495,0.519,0.535,0.551,0.567,0.584
Moldova,no data,no data,no data,no data,no data,no data,no data,no data,no data,no data,no data,no data,0.864,1.11,1.158,1.441,1.694,1.928,1.697,1.172,1.315,1.481,1.662,1.981,2.598,2.988,3.408,4.401,6.055,5.438,6.977,8.417,8.708,9.496,9.402,7.778,7.981,9.515,11.252,11.737,11.53,13.694,14.524,16.711,18.201,19.62,21.024,22.956,25.115,27.477,30.003
Mongolia,2.728,2.854,2.963,3.071,2.837,3.294,3.636,4.086,4.104,4.275,2.678,2.821,1.566,0.771,0.926,1.452,1.348,1.181,1.125,1.057,1.137,1.268,1.397,1.595,1.992,2.523,3.414,4.235,5.623,4.584,7.185,10.41,12.278,12.582,12.227,11.62,11.154,11.481,13.207,14.206,13.313,15.286,17.146,20.315,23.795,25.105,26.52,27.972,29.452,30.918,32.498
Montenegro,no data,no data,no data,no data,no data,no data,no data,no data,no data,no data,no data,no data,no data,no data,no data,no data,no data,no data,no data,no data,0.964,1.148,1.267,1.679,2.07,2.257,2.72,3.683,4.559,4.155,4.14,4.506,4.074,4.422,4.581,4.011,4.356,4.802,5.436,5.484,4.73,5.827,6.265,7.646,8.272,9.353,10.229,10.753,11.283,11.857,12.451
Morocco,23.807,19.329,19.51,17.635,16.13,16.28,21.497,23.713,28.08,28.901,32.661,34.94,36.483,34.259,38.532,42.238,46.71,42.366,45.243,45.055,42.053,42.704,45.711,56.345,64.528,67.468,74.284,85.539,100.112,100.535,100.881,109.705,106.345,115.608,119.131,110.414,111.573,118.541,127.341,128.92,121.354,142.022,131.245,146.057,160.606,179.612,196.121,208.803,222.173,236.178,251.959
Mozambique,4.615,3.585,3.662,3.28,3.417,4.516,5.301,2.395,2.105,2.199,3.529,3.855,2.799,2.883,2.958,3.062,4.03,4.874,5.551,6.285,5.931,5.65,5.951,6.584,7.937,8.868,9.51,10.811,12.92,12.264,11.412,14.619,16.688,17.198,17.978,16.209,12.069,13.265,15.017,15.513,14.235,16.168,18.884,20.921,22.745,24.726,26.512,28.295,30.049,33.479,38.005
Myanmar,no data,no data,no data,no data,no data,no data,no data,no data,no data,no data,no data,no data,no data,no data,no data,no data,no data,no data,5.122,6.4,7.688,7.087,6.878,8.826,10.688,12.051,13.502,17.745,25.313,30.675,37.851,53.25,58.374,62.656,65.404,59.33,62.839,66.083,67.491,75.282,76.987,55.232,67.403,62.299,61.653,60.561,65.171,71.106,76.871,82.666,84.161
Namibia,no data,no data,no data,no data,no data,no data,no data,no data,no data,2.268,2.568,2.841,3.296,3.156,3.537,3.948,3.954,4.11,3.832,3.824,3.941,3.577,3.396,4.974,6.673,7.324,7.711,8.73,8.496,8.915,11.281,12.423,13.016,12.168,12.434,11.45,10.719,12.883,13.676,12.539,10.583,12.399,12.564,12.402,13.37,14.686,16.1,17.332,18.282,19.446,20.58
Nauru,no data,no data,no data,no data,no data,no data,no data,no data,no data,no data,no data,no data,no data,no data,no data,no data,no data,no data,no data,no data,no data,no data,no data,no data,0.032,0.031,0.029,0.025,0.036,0.047,0.05,0.069,0.101,0.089,0.097,0.076,0.1,0.109,0.131,0.125,0.125,0.176,0.152,0.152,0.162,0.172,0.183,0.191,0.198,0.207,0.216
Nepal,2.258,2.641,2.669,2.92,3.089,3.208,3.491,3.621,4.27,4.317,4.442,4.861,4.417,4.743,4.954,5.379,5.544,6.027,5.992,6.164,6.537,6.719,6.816,7.218,8.297,9.331,10.316,11.777,14.31,14.663,18.253,21.685,21.703,22.162,22.722,24.361,24.524,28.972,33.112,34.186,33.434,36.927,41.183,41.048,42.914,45.513,49.112,53.393,58.462,64.021,70.123
Netherlands,194.031,162.629,157.56,153.396,142.779,144.859,201.883,247.277,264.596,260.9,321.859,331.565,366.52,356.434,383.091,453.377,451.508,418.023,439.215,448.223,417.834,432.539,475.194,582.29,660.925,688.514,737.633,853.6,957.797,878,853.161,912.98,846.225,883.964,901.789,775.822,796.944,847.934,930.155,929.006,931.814,1055.173,1047.364,1135.803,1214.562,1320.635,1413.076,1461.316,1508.522,1557.898,1607.568
New Zealand,22.551,23.472,23.237,22.484,22.377,22.539,27.428,36.978,45.505,44.132,45.722,43.44,41.515,44.807,52.92,62.241,69.1,68.869,56.815,58.898,54.127,53.128,62.061,82.408,101.601,113.264,109.74,134.859,135.606,122.011,145.736,167.167,175.361,187.292,200.305,176.455,186.081,203.819,209.747,210.995,210.54,249.785,245.228,253.789,258.365,262.909,280.553,291.551,302.514,314.968,327.463
Nicaragua,1.832,2.156,2.497,2.9,3.966,3.854,5.8,3.409,1.499,2.082,0.519,3.678,3.894,3.726,3.861,4.14,4.308,4.39,4.635,4.856,5.109,5.335,5.224,5.322,5.793,6.321,6.764,7.423,8.497,8.297,8.759,9.774,10.532,10.983,11.88,12.757,13.286,13.786,13.025,12.713,12.73,14.208,15.634,17.813,19.694,20.689,21.86,23.183,24.618,26.142,27.761
Niger,3.531,3.056,2.84,2.538,2.056,2.027,2.68,3.143,3.21,3.068,3.491,3.271,3.372,3.041,1.935,2.296,2.397,2.285,2.639,2.532,2.235,2.442,2.772,3.382,3.746,4.372,4.743,5.716,7.279,7.324,7.838,8.754,9.412,10.206,10.83,9.684,10.35,11.181,12.814,12.917,13.764,14.923,15.458,16.809,19.866,22.969,26.11,28.303,30.55,33,35.686
Nigeria,no data,no data,no data,no data,no data,no data,no data,no data,no data,no data,87.542,84.676,73.614,79.996,112.837,186.207,243.178,264.554,295.269,80.94,95.51,102.98,132.347,144.955,183.553,238.895,313.737,375.055,472.283,425.922,526.809,591.367,657.854,734.89,811.134,696.088,570.351,529.144,593.897,668.219,598.725,609.479,645.682,487.347,252.109,285.003,334.341,359.267,375.869,408.39,443.602
North Macedonia ,no data,no data,no data,no data,no data,no data,no data,no data,no data,no data,no data,no data,2.443,2.687,3.561,4.687,4.642,3.928,3.764,3.867,3.774,3.709,3.991,4.946,5.684,6.257,6.86,8.337,9.912,9.4,9.415,10.499,9.751,10.824,11.378,10.067,10.686,11.336,12.694,12.609,12.385,14.008,13.957,15.772,16.679,18.783,20.751,21.968,23.063,24.276,25.523
Norway,64.439,63.597,62.647,61.627,62.058,65.417,78.693,94.231,101.901,102.634,119.791,121.872,130.838,120.579,127.132,152.031,163.52,161.357,154.23,162.384,171.456,174.24,195.915,229.385,265.267,309.979,346.914,402.646,464.915,387.974,431.052,501.361,512.777,526.014,501.737,388.16,370.957,401.745,439.789,408.743,367.633,503.368,596.298,482.95,483.593,517.102,547.693,566.059,583.576,602.031,621.811
Oman,7.269,8.849,9.285,9.733,10.726,11.916,9.433,9.89,9.613,10.743,13.395,13,14.274,14.321,14.808,15.821,17.512,18.154,16.044,17.833,22.259,22.206,23.066,24.734,28.379,35.507,42.578,48.3,69.805,55.454,64.994,77.497,87.409,89.936,92.699,78.711,75.129,80.857,91.506,88.061,75.909,87.324,109.853,105.896,106.943,105.19,108.913,114.174,120.296,126.854,133.367
Pakistan,38.616,45.681,49.932,46.619,50.612,50.607,51.827,54.171,62.385,65.042,65.276,74.158,79.338,83.969,84.642,98.917,103.296,101.848,101.381,96.008,99.421,96.784,98.169,112.507,132.206,145.209,161.871,184.141,202.204,187.074,196.712,230.577,250.094,258.674,271.422,299.93,313.623,339.229,356.163,321.071,300.41,348.481,374.85,336.555,371.408,410.495,no data,no data,no data,no data,no data
Palau,no data,no data,no data,no data,no data,no data,no data,no data,no data,no data,no data,no data,no data,no data,no data,no data,no data,no data,no data,no data,0.15,0.159,0.163,0.155,0.166,0.186,0.191,0.196,0.199,0.184,0.184,0.195,0.215,0.226,0.245,0.283,0.303,0.29,0.288,0.282,0.259,0.236,0.247,0.276,0.322,0.341,0.362,0.382,0.401,0.419,0.437
Panama,4.255,4.816,5.321,5.463,5.702,6.032,6.269,6.296,5.443,5.458,5.933,6.524,7.416,8.099,8.636,8.828,10.41,11.248,12.195,12.779,12.962,13.171,13.689,14.426,15.816,17.25,19.116,22.079,26.081,28.114,30.523,35.961,41.916,47.276,51.757,56.08,60.037,64.49,67.316,69.779,57.06,67.396,76.479,83.812,86.524,90.408,95.905,101.736,107.921,114.483,121.443
Papua New Guinea,4.087,4.011,3.805,3.799,3.509,3.25,3.535,3.885,5.4,5.238,4.757,5.596,6.466,7.349,8.077,7.149,7.608,7.272,5.558,5.072,5.169,4.531,4.387,5.488,6.279,7.339,8.355,9.545,11.671,11.619,14.251,17.985,21.295,21.261,23.211,21.723,20.759,22.743,24.11,24.751,23.848,26.113,31.653,30.729,31.496,32.714,33.463,34.708,35.834,36.971,38.29
Paraguay,4.095,5.22,5.47,6.069,4.931,4.214,5.032,4.216,5.584,4.046,4.904,6.984,7.158,7.249,7.871,9.062,9.788,9.965,9.26,8.837,8.856,8.496,7.196,7.691,9.624,10.738,13.43,17.856,24.615,22.355,27.129,33.737,33.296,38.651,40.378,36.211,36.09,38.997,40.225,37.925,35.432,39.951,41.953,43.118,44.458,47.398,51.669,54.636,57.69,60.926,64.347
Peru,20.19,24.398,24.259,18.863,19.442,16.823,25.241,41.681,32.978,40.699,28.326,33.988,35.377,34.33,43.225,51.38,53.412,56.281,53.918,48.719,50.414,51.034,53.954,58.537,66.126,74.232,87.459,102.187,120.898,122.214,149.284,170.662,193.021,203.056,204.2,194.425,198.94,219.525,229.824,236.414,209.984,229.832,248.204,271.78,294.675,318.48,326.608,344.74,360.511,376.719,393.88
Philippines,37.082,40.735,42.441,37.953,35.86,34.973,34.129,37.932,43.293,48.652,50.508,51.784,60.422,62.037,73.159,84.644,94.65,94.106,74.492,85.64,83.667,78.921,84.307,87.039,95.002,107.42,127.653,155.98,181.007,176.132,208.369,234.217,261.92,283.903,297.484,306.446,318.627,328.481,346.842,376.823,361.751,394.087,404.353,437.055,461.617,494.158,533.922,579.389,629.6,685.718,746.498
Poland,56.908,53.921,65.52,75.792,75.893,71.137,74.053,64.04,68.963,67.237,62.401,80.863,89.166,90.828,104.213,139.8,157.485,157.987,172.929,168.657,172.151,191.403,199.694,218.561,256.454,307.158,345.898,429.715,535.612,440.954,478.111,527.848,498.149,518.18,542.266,479.729,472.883,528.497,594.641,602.592,605.93,689.253,695.734,812.959,914.553,1039.619,1109.962,1174.266,1243.528,1313.449,1386.324
Portugal,32.607,32.477,30.678,28.267,25.951,27.231,37.869,47.386,55.435,59.806,79.439,89.904,108.119,95.139,99.692,118.182,122.655,117.211,124.124,127.597,118.658,121.605,134.7,165.185,189.296,197.363,208.767,240.524,263.388,244.402,238.639,245.383,216.674,226.681,230.138,199.059,206.249,220.785,242.203,240.142,229.435,256.226,257.101,289.781,308.581,337.936,364.527,377.234,390.742,405.059,420.083
Puerto Rico,14.436,15.956,16.764,17.277,19.163,20.289,21.969,23.878,26.178,28.267,30.604,32.287,34.63,36.923,39.691,42.647,45.341,48.187,54.086,57.841,61.702,69.669,72.546,75.834,80.322,83.915,87.276,89.524,93.639,96.386,98.381,100.352,101.565,102.45,102.446,103.376,104.337,103.446,100.958,105.126,103.131,106.427,113.844,118.375,125.842,126.546,129.192,133.75,137.743,141.811,145.896
Qatar,6.665,7.374,6.467,5.506,5.708,5.339,4.214,4.441,4.26,4.502,6.266,5.579,6.384,5.804,5.946,6.861,7.761,9.976,8.488,11.266,18.085,17.498,19.334,23.716,30.651,44.636,58.629,75.987,112.621,88.196,119.707,167.775,186.834,198.728,206.225,161.74,151.732,161.099,183.335,176.371,144.411,179.732,235.709,213.003,219.631,222.119,239.142,260.125,273.078,282.774,296.845
Romania,46.053,55.319,55.375,48.401,39.111,48.286,52.29,58.477,60.538,54.236,38.516,29.07,19.779,26.624,30.376,35.838,35.692,35.644,42.543,35.953,37.447,40.396,46.035,57.79,75.059,98.547,122.114,174.831,215.567,174.572,170.329,192.846,179.228,189.839,199.989,177.878,185.337,210.53,243.651,251.652,252.372,286.783,296.928,350.847,382.854,422.508,444.807,453.628,466.224,489.38,514.342
Russian Federation,no data,no data,no data,no data,no data,no data,no data,no data,no data,no data,no data,no data,71.603,196.227,293.768,335.777,412.685,433.704,287.672,209.657,278.264,328.475,370.062,461.518,633.294,817.717,1060.901,1393.416,1779.109,1307.927,1633.111,2046.621,2191.486,2288.428,2048.837,1356.703,1280.648,1575.14,1653.005,1695.724,1488.118,1828.927,2295.526,2059.759,2173.225,2540.656,2509.421,2579.614,2658.999,2742.555,2829.861
Rwanda,1.493,1.695,1.808,1.932,1.851,2.199,2.49,2.765,2.959,3.09,2.954,2.179,2.313,2.231,1.418,1.47,1.593,2.144,2.29,2.131,2.049,1.967,1.963,2.139,2.388,2.945,3.318,4.069,5.183,5.675,6.124,6.885,7.654,7.821,8.24,8.546,8.695,9.253,9.638,10.349,10.174,11.066,13.313,14.331,14.251,14.771,15.472,16.308,17.239,18.43,19.968
Saint Kitts and Nevis,0.058,0.069,0.079,0.078,0.091,0.101,0.119,0.136,0.161,0.179,0.203,0.201,0.223,0.243,0.272,0.293,0.312,0.351,0.366,0.389,0.421,0.458,0.481,0.469,0.507,0.547,0.644,0.689,0.778,0.774,0.779,0.836,0.825,0.875,0.953,0.957,1.007,1.057,1.077,1.108,0.884,0.859,0.98,1.06,1.079,1.141,1.19,1.246,1.305,1.368,1.432
Saint Lucia,0.17,0.194,0.183,0.197,0.251,0.284,0.34,0.375,0.429,0.486,0.579,0.613,0.674,0.684,0.713,0.762,0.788,0.805,0.877,0.921,0.932,0.892,0.899,0.987,1.066,1.135,1.267,1.331,1.426,1.4,1.483,1.569,1.598,1.66,1.749,1.808,1.869,1.999,2.061,2.095,1.511,1.869,2.334,2.397,2.574,2.659,2.77,2.893,3.021,3.149,3.276
Saint Vincent and the Grenadines,0.089,0.11,0.123,0.132,0.146,0.157,0.173,0.189,0.216,0.232,0.259,0.275,0.3,0.309,0.312,0.341,0.358,0.375,0.403,0.421,0.427,0.461,0.488,0.508,0.549,0.58,0.643,0.713,0.731,0.714,0.72,0.713,0.727,0.766,0.771,0.786,0.814,0.844,0.884,0.91,0.864,0.888,0.97,1.068,1.162,1.238,1.299,1.36,1.425,1.493,1.563
Samoa,0.127,0.119,0.122,0.113,0.111,0.106,0.112,0.124,0.138,0.141,0.182,0.176,0.193,0.198,0.158,0.242,0.258,0.28,0.286,0.262,0.271,0.273,0.289,0.342,0.418,0.486,0.516,0.568,0.684,0.618,0.68,0.744,0.773,0.798,0.797,0.824,0.844,0.885,0.878,0.913,0.869,0.86,0.89,1.045,1.176,1.248,1.333,1.398,1.459,1.534,1.603
San Marino,no data,no data,no data,no data,no data,no data,no data,no data,no data,no data,no data,no data,no data,no data,no data,no data,no data,no data,no data,no data,1.008,1.06,1.148,1.462,1.714,1.788,1.91,2.189,2.403,2.062,1.883,1.813,1.606,1.678,1.674,1.42,1.468,1.528,1.656,1.616,1.543,1.857,1.833,2.028,2.082,2.241,2.393,2.462,2.537,2.618,2.701
Saudi Arabia,164.54,184.292,153.24,129.18,119.631,103.894,86.886,85.582,88.138,95.217,117.474,132.047,136.905,132.79,134.995,143.152,158.451,165.742,146.776,161.717,189.515,184.138,189.606,215.808,258.742,328.205,376.398,415.687,519.797,429.098,528.207,680.661,751.921,769.755,787.153,693.415,689.279,741.266,886.564,888.888,767.303,982.661,1239.075,1218.585,1239.805,1268.535,1316.25,1378.839,1448.499,1522.126,1596.411
Senegal,4.338,3.934,3.85,3.435,3.35,3.668,5.188,6.241,6.173,6.083,7.078,6.955,7.435,7.014,4.746,6.026,6.3,5.867,6.416,6.599,6.016,6.508,7.001,8.767,10.072,11.015,11.699,13.996,16.852,16.128,16.134,17.811,17.672,18.919,19.802,17.777,19.035,20.989,23.127,23.405,24.534,27.584,27.75,30.701,32.816,36.839,39.986,42.001,44.381,47.053,50.165
Serbia,no data,no data,no data,no data,no data,no data,no data,no data,no data,no data,no data,no data,no data,no data,no data,no data,no data,24.995,20.001,12.893,10.431,13.65,17.997,23.627,26.718,28.143,33.421,45.121,54.117,46.949,43.067,51.274,45.111,50.456,49.114,41.297,42.225,45.973,52.788,53.865,55.874,65.83,66.798,81.343,89.074,100.048,112.108,121.291,129.52,138.759,148.706
Seychelles,0.147,0.154,0.148,0.147,0.151,0.169,0.208,0.249,0.284,0.305,0.369,0.374,0.434,0.474,0.486,0.508,0.503,0.563,0.608,0.623,0.615,0.622,0.698,0.706,0.839,0.919,1.016,1.034,0.998,0.847,0.97,1.018,1.06,1.328,1.388,1.432,1.568,1.675,1.777,1.867,1.384,1.49,2.018,2.187,2.178,2.23,2.249,2.34,2.454,2.574,2.701
Sierra Leone,2.708,2.903,3.264,2.838,3.283,2.794,2.092,1.823,2.988,2.745,1.509,1.812,1.58,1.786,2.118,2.026,2.188,1.974,1.562,1.555,1.498,1.726,1.99,2.218,2.339,2.738,3.144,3.451,3.926,3.795,4.174,4.799,5.746,6.736,6.521,6.75,6.038,5.823,6.39,6.519,6.682,7.165,7.119,6.397,7.792,8.639,9.302,9.735,10.152,10.63,11.165
Singapore,12.082,14.367,15.879,18.011,19.563,18.573,18.78,21.629,26.551,31.436,38.892,45.465,52.131,60.604,73.689,87.813,96.293,100.124,85.728,86.287,96.077,89.794,92.538,97.646,115.034,127.808,148.627,180.942,193.617,194.15,239.808,279.357,295.093,307.576,314.864,307.999,319.646,343.673,377.124,376.162,349.166,436.591,509.018,505.44,547.387,574.185,606.225,633.141,661.347,690.602,721.319
Slovak Republic,no data,no data,no data,no data,no data,no data,no data,no data,no data,no data,no data,no data,no data,13.906,16.046,20.297,21.871,22.037,22.917,20.89,20.711,21.384,24.849,33.864,43.023,48.912,57.48,77.26,97.122,89.246,91.186,99.687,94.784,99.136,101.739,89.187,90.322,95.944,106.66,105.855,107.646,120.641,115.975,133.936,141.733,154.587,167.73,175.605,183.737,191.41,199.114
Slovenia,no data,no data,no data,no data,no data,no data,no data,no data,no data,no data,no data,no data,19.285,16.637,16.857,21.399,21.48,20.769,22.08,22.668,20.262,20.693,23.263,29.399,34.19,36.002,39.293,47.886,55.503,49.921,47.832,51.19,46.196,47.868,49.527,42.714,44.279,48.136,53.713,53.916,53.342,61.582,59.946,69.275,72.95,79.221,85.738,89.576,93.612,97.719,102.031
Solomon Islands,0.183,0.194,0.193,0.181,0.182,0.166,0.148,0.155,0.176,0.173,0.215,0.228,0.269,0.301,0.403,0.469,0.511,0.527,0.458,0.488,0.42,0.41,0.346,0.353,0.398,0.477,0.539,0.62,0.699,0.736,0.847,1.05,1.185,1.286,1.336,1.308,1.379,1.47,1.615,1.619,1.536,1.523,1.566,1.661,1.778,1.904,2.051,2.182,2.296,2.418,2.546
Somalia,no data,no data,no data,no data,no data,no data,no data,no data,no data,no data,no data,no data,no data,no data,no data,no data,no data,no data,no data,no data,no data,no data,no data,no data,no data,no data,no data,no data,no data,no data,no data,5.022,5.183,5.869,6.443,6.841,7.391,8.252,7.873,8.655,8.628,9.484,10.203,10.969,12.161,12.944,13.912,15.04,16.213,17.436,18.73
South Africa,89.412,93.15,85.897,96.205,84.838,64.481,73.399,96.533,104.01,108.07,126.027,135.227,146.97,147.236,153.569,171.736,163.34,169.004,152.885,151.426,151.855,135.527,129.385,197.017,256.188,288.749,304.055,332.65,316.491,331.184,417.315,458.708,434.4,400.877,381.195,346.663,323.493,381.317,405.093,389.245,337.876,419.878,407.43,381.334,401.076,426.383,443.643,458.443,475.516,493.349,512.017
"South Sudan, Republic of",no data,no data,no data,no data,no data,no data,no data,no data,no data,no data,no data,no data,no data,no data,no data,no data,no data,no data,no data,no data,no data,no data,no data,no data,no data,no data,no data,no data,no data,no data,no data,17.34,11.267,14.947,15.362,14.959,2.21,1.19,2.78,4.044,5.423,5.94,7.533,7.401,4.648,4.979,6.033,6.767,7.087,7.748,8.117
Spain,231.048,204.843,197.89,173.072,172.597,181.847,251.618,318.787,374.535,413.106,536.322,577.166,630.91,529.98,531.801,614.713,642.48,590.5,619.541,635.025,598.367,627.803,708.437,907.736,1069.344,1155.306,1261.914,1476.92,1635.936,1494.963,1429.155,1487.307,1331.838,1362.207,1380.6,1206.287,1242.673,1321.288,1432.292,1403.651,1288.751,1462.216,1449.99,1619.949,1725.152,1891.371,2041.83,2129.615,2208.704,2292.69,2380.017
Sri Lanka,5.194,5.404,5.834,6.298,7.382,7.302,7.826,8.149,8.518,8.55,9.787,10.716,11.553,12.351,14.245,15.127,16.592,18.544,19.05,19.143,20.007,19.236,20.238,22.352,24.423,28.88,33.447,38.27,48.177,49.75,58.643,67.725,70.392,76.934,82.483,85.091,88,94.376,94.484,89.015,84.304,88.609,74.584,83.723,98.964,no data,no data,no data,no data,no data,no data
Sudan,9.095,6.53,4.748,6.485,7.992,5.547,7.4,11.964,9.551,16.853,2.245,2.528,3.1,5.246,5.961,6.694,8.377,10.241,10.924,10.714,13.134,15.716,18.137,21.355,26.646,35.183,45.264,59.44,64.833,54.812,65.716,66.448,48.948,52.892,60.726,64.534,64.888,48.906,33.59,31.484,35.237,35.141,33.5,36.983,29.184,35.897,39.474,46.09,50.54,52.73,55.57
Suriname,1.276,1.427,1.469,1.419,1.387,1.402,1.43,1.573,1.864,2.177,0.577,0.637,0.59,0.465,0.523,0.993,1.234,1.322,1.588,1.308,1.355,1.167,1.474,1.729,2,2.393,2.812,3.144,3.783,4.15,4.677,4.735,5.332,5.51,5.612,5.126,3.317,3.592,3.996,4.016,2.912,3.084,3.631,3.445,4.452,4.496,4.87,5.185,6.984,10.923,11.543
Sweden,140.151,127.935,112.912,103.682,107.978,112.932,149.282,181.81,205.868,216.543,259.299,271.721,282.441,212.644,228.7,267.052,291.952,268.25,270.888,274.317,262.902,242.497,267.371,334.072,384.546,391.689,422.526,490.05,514.614,434.311,492.751,570.539,549.74,584.125,577.728,501.602,513.058,535.172,549.649,530.894,544.266,631.693,575.071,578.991,603.715,662.318,711.503,740.513,770.062,800.502,832.1
Switzerland,122.466,112.129,114.891,114.517,109.4,110.965,159.074,199.086,215.36,208.135,265.911,269.003,279.764,272.006,301.246,353.063,340.266,294.841,303.243,297.581,279.284,286.768,309.597,362.151,403.459,418.261,441.865,491.056,566.952,553.882,598.337,715.857,686.542,706.784,726.664,693.814,687.766,695.507,725.889,721.896,741.288,814.696,828.513,894.815,938.153,1002.666,1074.588,1114.378,1163.129,1206.534,1259.072
Syria,12.98,16.652,17.415,18.649,19.171,21.177,25.428,32.497,16.538,9.849,12.303,12.738,13.263,13.796,15.105,16.556,17.761,16.573,16.144,16.785,19.861,20.979,22.758,21.702,25.204,28.881,33.824,40.488,52.631,53.939,60.043,no data,no data,no data,no data,no data,no data,no data,no data,no data,no data,no data,no data,no data,no data,no data,no data,no data,no data,no data,no data
São Tomé and Príncipe,0.069,0.084,0.081,0.076,0.079,0.083,0.117,0.117,0.1,0.099,0.12,0.108,0.096,0.127,0.132,0.104,0.136,0.093,0.073,0.078,0.077,0.072,0.08,0.096,0.104,0.125,0.133,0.145,0.188,0.201,0.191,0.228,0.231,0.269,0.295,0.262,0.294,0.325,0.387,0.416,0.476,0.529,0.546,0.696,0.828,0.976,1.125,1.236,1.351,1.479,1.618
Taiwan Province of China,42.285,48.969,49.535,54.148,61.071,63.617,78.195,105.039,126.473,152.704,166.622,187.14,222.911,236.339,256.247,279.059,292.494,303.284,279.964,303.83,330.68,299.276,307.439,317.381,346.924,374.06,386.45,406.907,415.901,390.829,444.281,483.974,495.61,512.943,535.328,534.515,543.081,591.687,610.69,613.512,676.861,776.965,765.624,757.335,797.004,884.387,971.448,1018.477,1054.976,1082.753,1169.821
Tajikistan,no data,no data,no data,no data,no data,no data,no data,no data,no data,no data,no data,no data,0.291,0.678,0.829,0.569,1.052,1.121,1.32,1.087,0.991,1.057,1.212,1.555,2.073,2.311,2.811,3.712,5.135,4.977,5.642,6.523,7.592,8.506,9.242,7.857,6.994,7.535,7.762,8.301,8.134,8.934,10.714,12.203,14.199,17.032,18.941,19.892,21.104,22.415,23.955
Tanzania,10.873,13.005,14.932,15.294,13.915,12.556,15.874,7.821,7.474,6.444,5.172,6.019,5.588,5.17,5.478,6.382,7.889,9.341,11.481,11.777,12.369,12.61,13.123,14.159,15.576,17.174,18.878,21.81,27.779,29.301,31.86,34.369,39.65,45.677,49.982,47.424,49.774,54,54.775,58.797,63.373,67.964,74.173,78.368,79.236,87.444,95.349,104.652,115.063,126.394,138.582
Thailand,33.422,35.999,37.799,41.366,43.179,40.185,44.52,52.204,63.704,74.637,88.467,101.247,115.576,128.889,146.684,169.279,183.035,150.18,113.676,126.669,126.392,120.296,134.301,152.281,172.896,189.318,221.758,262.943,291.383,281.711,341.105,370.819,397.558,420.334,407.339,401.296,413.366,456.357,506.754,543.977,500.462,506.195,495.645,515.906,526.518,558.573,561.509,580.613,602.991,627.723,654.084
Timor-Leste,no data,no data,no data,no data,no data,no data,no data,no data,no data,no data,no data,no data,no data,no data,no data,no data,no data,no data,no data,no data,0.367,0.477,0.47,0.49,0.441,0.462,0.454,0.543,0.648,0.727,0.882,1.042,1.16,1.396,1.448,1.59,1.64,1.585,1.556,2.033,2.163,3.625,3.209,2.08,2.015,2.125,2.208,2.343,2.485,2.637,2.797
Togo,1.921,1.616,1.396,1.33,1.222,1.281,1.795,2.107,2.345,2.302,2.772,2.74,2.873,2.189,1.697,2.24,2.448,2.494,2.361,2.37,2.014,2,2.301,2.854,3.048,3.08,3.173,3.76,4.578,4.717,4.75,5.421,5.417,6.022,6.395,5.756,6.069,6.385,7.032,6.993,7.4,8.338,8.144,9.081,9.776,10.951,12.176,13.069,14.039,15.092,16.241
Tonga,0.071,0.079,0.079,0.077,0.081,0.076,0.09,0.098,0.115,0.139,0.144,0.169,0.178,0.183,0.189,0.207,0.218,0.222,0.212,0.197,0.203,0.181,0.183,0.202,0.231,0.262,0.292,0.299,0.344,0.312,0.367,0.415,0.427,0.452,0.441,0.438,0.421,0.46,0.481,0.494,0.503,0.52,0.515,0.513,0.558,0.587,0.616,0.645,0.67,0.693,0.717
Trinidad and Tobago,6.343,7.113,8.28,7.898,7.891,7.503,4.877,4.88,4.574,4.397,5.155,5.399,5.533,4.656,5.032,5.421,5.859,5.837,6.148,6.926,8.295,8.96,9.148,11.464,13.472,16.17,18.6,21.937,28.193,19.52,22.522,25.789,27.147,28.561,29.474,26.841,23.624,23.831,23.883,23.478,20.889,24.223,28.341,25.037,25.634,26.002,26.758,27.813,28.979,30.048,30.863
Tunisia,9.566,9.223,8.9,9.202,9.054,9.245,9.91,10.663,11.073,11.069,14.133,14.897,17.809,16.724,17.886,20.616,22.324,21.762,22.87,24.066,22.524,23.146,24.274,28.797,32.71,33.851,36.059,40.819,47.039,45.593,46.21,48.122,47.311,48.681,50.273,45.779,44.36,42.167,42.687,41.905,42.494,46.813,44.596,48.541,52.925,59.069,60.434,60.467,61.552,62.295,63.864
Turkmenistan,no data,no data,no data,no data,no data,no data,no data,no data,no data,no data,no data,no data,0.886,4.997,4.232,5.473,2.217,2.498,2.667,3.594,4.68,6.461,8.107,10.645,13.228,16.003,19.935,24.192,20.049,18.836,21.321,27.776,35.164,39.198,43.524,35.8,36.18,37.926,40.762,44.974,45.455,49.477,56.677,62.814,68.675,72.119,76.897,83.632,91.767,100.714,110.589
Tuvalu,no data,no data,no data,no data,no data,no data,no data,no data,no data,no data,no data,no data,no data,no data,no data,no data,no data,no data,no data,no data,0.015,0.014,0.017,0.02,0.023,0.023,0.024,0.029,0.032,0.028,0.033,0.04,0.039,0.039,0.039,0.037,0.041,0.045,0.048,0.054,0.053,0.062,0.054,0.051,0.056,0.058,0.061,0.064,0.067,0.07,0.073
"Türkiye, Republic of",96.629,97.898,88.948,84.996,82.67,92.858,102.371,118.966,125.075,147.777,207.578,208.473,219.25,248.657,179.42,233.645,250.571,261.946,277.693,254.3,273.57,203.001,238.674,317.342,408.309,506.794,554.902,686.909,787.897,656.134,783.025,843.326,882.437,962.457,943.337,868.204,870.339,863.906,807.318,775.223,730.345,827.673,924.752,1153.295,1358.251,1565.471,1576.11,1640.862,1760.433,1866.297,1961.776
Uganda,7.486,12.12,8.41,9.619,7.399,6.771,6.746,10.878,11.268,9.136,7.452,3.897,3.645,4.311,6.24,7.473,7.713,8.407,8.23,7.823,7.756,7.835,8.425,8.725,10.75,12.46,14.079,17.512,22.419,24.107,24.683,27.501,30.939,32.331,34.754,30.122,30.232,31.589,34.126,37.895,37.888,42.808,47.263,52.003,56.232,64.993,72.456,79.609,86.889,95.966,106.655
Ukraine,no data,no data,no data,no data,no data,no data,no data,no data,no data,no data,no data,no data,22.193,35.025,38.012,38.275,46.083,51.867,43.315,32.661,32.331,37.863,42.339,50.096,64.747,85.996,107.767,143.26,181.313,117.079,136.011,163.059,175.781,183.31,133.392,90.922,93.349,112.064,130.905,153.904,156.566,199.835,161.987,181.228,190.687,209.713,224.259,238.531,254.463,271.235,288.846
United Arab Emirates,41.725,46.461,43.205,39.588,39.245,38.519,30.526,33.519,34.069,39.325,50.682,49.3,51.952,52.144,57.395,63.432,72.853,77.167,75.304,84.42,102.987,103.312,109.816,124.346,147.812,180.616,222.117,257.883,315.464,253.547,307.736,368.881,392.793,409.633,424.936,381.973,381.717,403.365,440.56,433.926,357.162,422.441,511.403,522.622,552.325,569.097,601.163,639.415,680.124,722.479,764.85
United Kingdom,604.697,588.342,559.326,532.925,504.939,537.2,655.035,814.102,989.706,1007.623,1197.021,1248.625,1289.587,1155.162,1241.72,1344.504,1421.099,1561.239,1653.852,1688.248,1668.69,1650.252,1788.549,2056.294,2422.619,2546.038,2712.257,3091.695,2960.39,2421.476,2487.924,2664.719,2707.571,2786.665,3066.304,2928.558,2699.086,2682.384,2875.024,2853.074,2698.705,3144.079,3125.404,3371.118,3644.636,3958.78,4225.639,4441.871,4673.359,4928.634,5199.779
United States,2857.325,3207.025,3343.8,3634.025,4037.65,4339,4579.625,4855.25,5236.425,5641.6,5963.125,6158.125,6520.325,6858.55,7287.25,7639.75,8073.125,8577.55,9062.825,9631.175,10250.95,10581.925,10929.1,11456.45,12217.175,13039.2,13815.6,14474.25,14769.85,14478.05,15048.975,15599.725,16253.95,16880.675,17608.125,18295,18804.9,19612.1,20656.525,21539.975,21375.275,23725.65,26054.6,27811.5,29298.025,30615.743,31821.293,33019.978,34258.401,35513.831,36814.251
Uruguay,12.217,13.636,11.147,6.119,5.819,5.686,7.059,8.832,9.137,9.63,11.204,13.502,15.515,18.064,21.04,23.267,24.73,26.155,27.704,26.178,24.892,22.802,14.863,13.159,14.959,18.986,21.416,25.603,33.151,34.565,43.967,52.354,55.938,62.857,62.546,58.218,57.58,65.068,65.37,62.229,53.557,60.742,70.6,77.997,80.961,84.986,90.64,94.664,99.564,104.523,109.839
Uzbekistan,no data,no data,no data,no data,no data,no data,no data,no data,no data,no data,no data,no data,4.476,6.897,8.175,12.746,17.453,18.433,18.738,21.362,17.195,14.581,12.106,12.697,15.045,17.939,21.344,27.963,35.858,41.945,49.772,60.213,67.52,73.192,80.848,85.662,85.658,69.703,58.696,67.294,66.443,77.34,90.125,102.634,114.962,137.48,159.199,178.042,197.321,217.902,240.767
Vanuatu,0.121,0.114,0.114,0.117,0.144,0.132,0.128,0.139,0.158,0.154,0.169,0.201,0.209,0.2,0.234,0.249,0.261,0.273,0.262,0.268,0.272,0.257,0.262,0.315,0.365,0.39,0.435,0.517,0.582,0.59,0.652,0.738,0.736,0.755,0.775,0.774,0.798,0.88,0.884,0.93,1.008,0.921,1.035,1.125,1.09,1.119,1.176,1.235,1.292,1.351,1.413
Venezuela,69.841,78.367,79.998,79.672,57.826,59.865,60.877,46.854,60.378,44.672,48.391,53.382,60.4,59.865,58.357,77.427,70.536,85.684,91.836,97.517,117.596,123.119,95.258,83.684,112.254,143.375,178.521,232.857,306.764,268.624,318.281,316.482,372.592,258.931,214.69,125.449,112.915,115.883,102.021,73.014,42.838,56.615,89.013,102.377,119.803,82.767,79.916,no data,no data,no data,no data
Vietnam,35.357,17.617,23.369,35.204,61.171,19.045,43.009,53.385,29.501,7.991,8.217,9.704,12.528,16.736,20.712,26.407,31.352,34.146,34.58,36.444,39.585,41.297,44.563,50.233,62.877,73.197,84.301,98.426,124.756,129.022,143.212,171.312,195.169,212.728,232.888,236.795,252.146,277.071,304.47,331.818,346.31,370.076,411.068,433.008,459.472,484.726,511.059,545.213,583.731,624.103,666.786
West Bank and Gaza,no data,no data,no data,no data,no data,no data,no data,no data,no data,no data,no data,no data,no data,no data,2.843,3.283,3.41,3.76,4.068,4.271,4.314,4.004,3.556,3.968,4.603,5.126,5.348,5.816,7.31,8.086,9.682,11.186,12.208,13.515,13.99,13.972,15.405,16.128,16.277,17.134,15.532,18.109,19.166,17.848,13.711,no data,no data,no data,no data,no data,no data
Yemen,no data,no data,no data,no data,no data,no data,no data,no data,no data,no data,12.644,14.665,17.959,21.737,28.019,12.796,6.496,6.838,6.322,7.639,9.679,9.853,10.693,11.778,13.868,16.732,19.063,21.651,26.911,25.13,30.907,32.726,35.401,40.415,43.229,42.444,31.318,26.842,21.606,21.888,20.22,19.394,23.534,19.412,19.101,17.352,17.24,18.723,21.707,23.658,25.778
Zambia,4.246,4.385,4.232,3.653,3.003,2.848,1.962,2.431,4.095,4.365,4.085,3.69,3.614,3.549,3.657,3.799,3.599,4.303,3.538,3.405,3.601,3.87,4.194,4.902,6.221,8.329,12.762,14.06,17.914,15.332,20.264,23.455,25.502,28.042,27.145,21.245,20.965,25.874,26.312,23.309,18.138,22.096,29.164,27.578,26.326,29.369,33.945,39.699,43.699,46.856,50.428
Zimbabwe,no data,no data,no data,no data,no data,no data,no data,no data,no data,no data,14.988,13.962,11.515,11.184,11.76,12.209,14.949,15.345,17.876,17.388,16.755,16.613,15.861,14.145,13.985,13.365,12.029,11.502,9.91,14.282,17.265,20.134,24.173,26.756,28.248,28.123,29.257,31.018,53.914,39.776,39.962,52.413,48.57,44.372,49.154,53.31,55.434,57.457,59.465,61.518,63.688
Africa (Region),474.307,483.732,489.549,472.469,413.88,407.469,446.72,500.31,530.692,570.199,694.811,642.797,639.389,641.119,637.903,771.391,871.934,908.641,926.809,722.023,745.226,725.542,749.248,898.085,1077.959,1270.22,1477.682,1723.809,2027.191,1927.136,2259.158,2526.611,2708.189,2826.887,2952.782,2677.32,2516.945,2526.401,2708.625,2811.497,2674.556,2965.726,3191.052,3018.756,2878.286,3057.762,3302.958,3520.162,3748.539,4015.843,4305.936
Asia and Pacific,2364.467,2528.727,2460.516,2614.804,2772.38,2825.086,3600.712,4274.159,5098.085,5301.308,5527.162,6096.493,6681.475,7522.805,8163.034,9278.362,9062.962,8719.208,7887.819,8760.631,9383.809,8759.608,8997.375,10045.619,11333.003,12259.815,13131.353,15015.558,17003.892,17469.33,20405.537,23512.46,24987.945,25396.083,26347.817,26154.784,27256.881,29229.181,31406.661,32147.685,32235.599,37005.948,36975.745,37628.272,38824.053,40601.732,43121.329,45822.94,48795.966,51744.964,54975.514
Australia and New Zealand,185.477,211.883,210.287,201.963,219.514,196.924,208.906,250.079,316.595,352.534,369.851,367.877,359.521,354.111,406.293,441.468,493.764,495.271,438.315,470.866,454.406,431.242,487.577,623.564,760.344,849.768,893.186,1084.953,1192.171,1122.841,1400.357,1682.67,1745.5,1707.187,1657.243,1410.369,1448.726,1584.925,1626.906,1597.284,1573.205,1905.623,1970.66,1996.1,2053.857,2092.418,2228.781,2327.604,2434.527,2543.354,2662.721
Caribbean,18.264,19.975,22.051,21.968,21.964,22.411,21.4,20.33,20.758,22.373,22.756,22.638,22.406,23.154,26.262,32.08,34.666,37.477,40.348,42.985,45.192,45.592,47.302,48.874,54.184,61.334,66.951,75.719,85.34,75.107,80.457,87.176,91.687,94.267,96.293,94.814,89.604,93.337,97.303,96.914,85.112,101.838,119.475,123.636,141.444,150.761,157.071,165.879,175.522,186.52,192.817
Central America,35.211,35.23,35.789,37.587,44.792,38.872,38.318,37.985,36.257,40.984,37.46,46.36,52.377,57.178,62.435,69.57,74.438,81.213,87.954,89.153,94.406,99.757,105.192,103.107,110.298,132.201,144.818,164.856,185.666,185.622,206.577,231.918,250.117,265.314,282.934,302.93,319.733,337.687,351.251,365.061,336.786,385.258,434.099,481.492,511.851,540.363,573.507,611.769,652.741,696.049,742.377
Central Asia and the Caucasus,96.629,97.898,88.948,84.996,82.67,92.858,102.371,118.966,125.075,147.777,207.578,208.473,229.997,269.19,209.401,276.231,302.071,317.495,334.085,307.78,326.424,259.682,302.81,393.731,506.694,633.526,725.103,912.703,1071.491,917.97,1102.521,1246.122,1324.807,1450.294,1431.26,1287.42,1225.102,1241.837,1197.961,1185.145,1121.225,1271.623,1457.84,1752.614,2017.184,2253.966,2321.763,2451.947,2637.155,2813.472,2983.74
East Asia,1573.319,1691.601,1608.572,1753.621,1857.826,1944.104,2664.428,3221.043,3930.852,4048.446,4121.555,4683.796,5171.88,5922.096,6437.068,7294.684,6876.917,6532.22,5980.623,6723.165,7289.96,6763.661,6794.383,7409.35,8212.657,8686.66,9076.872,10035.442,11494.283,12057.988,13770.89,15908.146,17061.16,17231.003,17993.677,18146.89,18905.591,20088.772,21961.723,22432.244,22936.996,26333.47,25511.859,25478.419,25872.19,26874.702,28495.619,30170.447,31943.787,33610.422,35467.296
Eastern Europe ,165.776,175.894,189.8,192.063,184.894,182.965,188.838,193.037,228.377,222.448,167.498,149.06,291.925,454.41,600.252,773.611,890.972,938.767,818.856,705.623,767.341,868.611,981.642,1197.932,1525.955,1866.346,2263.308,2926.613,3658.464,2861.43,3239.104,3835.927,3892.336,4073.696,3835.28,2891.756,2837.085,3313.013,3620.623,3719.764,3505.997,4166.551,4634.658,4762.417,5087.576,5795.909,6015.555,6260.122,6526.375,6811.878,7111.121
Europe,4006.99,3607.416,3492.751,3403.611,3270.664,3384.949,4555.984,5597.093,6266.829,6366.263,7795.202,8263.215,9115.677,8472.536,9111.472,10538.593,10840.913,10295.398,10467.376,10375.318,9764.582,9931.667,10857.82,13184.854,15320.685,16241.331,17559.727,20472.006,22513.775,19790.264,20113.715,22159.077,21202.723,22099.145,22459.226,19290.748,19289.894,20528.095,22141.723,21865.89,21161.906,24246.563,24308.597,25924.381,27203.017,29676.875,31480.589,32638.6,33858.65,35140.115,36469.568
Middle East (Region),386.896,451.749,444.945,459.883,457.577,463.596,476.446,581.246,619.141,710.573,1013.287,692.64,416.111,440.243,492.128,559.603,650.894,703.237,702.264,824.615,1049.803,993.049,763.979,855.945,1022.522,1245.575,1466.913,1749.605,2181.776,1937.158,2305.516,2767.732,2716.606,2838.596,2931.777,2559.843,2546.051,2737.355,2865.775,2791.096,2399.156,2972.817,3658.792,3589.462,3678.29,3723.087,3921.103,4150.468,4386.378,4616.721,4856.089
North Africa,143.043,137.188,142.105,148.661,153.868,171.096,177.022,203.441,213.624,239.819,241.68,183.912,187.334,187.729,186.731,205.495,227.924,233.893,240.52,254.299,268.245,262.741,242.89,270.813,306.06,351.346,406.423,474.108,585.135,555.528,630.281,672.055,767.824,772.539,787.365,742.524,738.053,664.69,704.372,751.318,758.04,833.202,920.006,880.47,914.138,923.899,990.21,1050.202,1119.369,1193.8,1272.529
North America,3389.979,3841.238,3900.909,4177.174,4630.542,4955.745,5140.043,5487.108,5985.876,6497.755,6897.431,7171.698,7576.992,8004.758,8460.472,8668.52,9181.222,9804.197,10308.4,10998.673,11799.344,12186.616,12572.461,13193.433,14143.43,15214.191,16242.497,17135.025,17577.907,16894.382,17870.126,18722.417,19438.988,20157.157,20880.829,21168.178,21549.466,22555.533,23739.083,24692.932,24255.156,27171.028,29825.79,31901.532,33523.869,34888.628,36402.321,37819.383,39275.927,40759.717,42312.945
Pacific Islands ,5.925,5.89,5.639,5.535,5.337,4.991,5.437,5.707,7.229,7.165,6.952,7.91,9.035,10.063,11.104,10.519,11.244,10.921,8.646,8.468,8.233,7.516,7.538,9.306,10.749,12.325,13.609,15.376,17.947,17.124,20.364,25.221,28.926,29.293,31.617,29.941,29.338,32.014,33.784,34.268,32.213,34.381,40.907,40.838,42.373,44.229,45.678,47.581,49.361,51.193,53.235
South America,581.096,583.981,494.458,463.468,454.181,500.145,564.531,599.011,667.453,731.017,812.063,833.763,891.88,963.205,1146.486,1433.863,1538.986,1636.37,1615.772,1303.779,1378.406,1266.259,996.146,1073.371,1296.606,1656.004,2014.188,2505.398,3044.928,2933.417,3763.635,4404.22,4451.44,4433.449,4318.072,3523.272,3422.806,3877.349,3656.419,3479.515,2860.291,3325.646,3842.504,4203.833,4277.215,4446.822,4541.214,4787.713,5041.912,5316.848,5607.252
South Asia,257.208,273.45,283.385,298.216,300.023,323.764,341.535,377.641,405.016,412.495,442.076,402.844,427.363,424.648,478.2,532.32,574.63,600.928,608.772,642.835,657.303,671.957,706.543,823.201,953.157,1085.315,1234.373,1549.237,1576.981,1719.753,2091.434,2301.645,2334.426,2399.448,2628.508,2752.933,2992.83,3415.077,3516.116,3639.45,3473.194,4065.414,4305.959,4560.884,4883.789,5166.959,5608.049,6121.907,6713.454,7370.835,8095.933
Southeast Asia,245.909,248.004,263.685,270.473,307.009,262.444,278.034,300.721,313.319,332.892,379.15,425.592,483.68,542.698,620.968,723.139,804.336,762.373,517.379,607.517,647.483,625.55,698.523,786.467,889.402,992.22,1188.21,1417.849,1651.019,1633.654,2019.97,2348.655,2493.126,2578.858,2605.512,2527.232,2655.294,2866.555,3070.171,3259.293,3098.765,3395.437,3688.519,3799.417,3954.658,4169.457,4421.439,4703.453,5017.683,5355.688,5712.589
Sub-Saharan Africa (Region) ,331.264,346.545,347.444,323.808,260.013,236.373,269.698,296.869,317.068,330.38,453.131,458.885,452.055,453.389,451.171,565.896,644.01,674.748,686.29,467.724,476.98,462.801,506.358,627.271,771.899,918.874,1071.259,1249.7,1442.056,1371.608,1628.877,1854.556,1940.365,2054.348,2165.417,1934.796,1778.892,1861.71,2004.253,2060.179,1916.516,2132.524,2271.046,2138.286,1964.147,2133.863,2312.748,2469.96,2629.17,2822.043,3033.407
Western Europe,3841.214,3431.522,3302.95,3211.548,3085.77,3201.984,4367.146,5404.056,6038.452,6143.815,7627.704,8114.155,8823.752,8018.126,8511.22,9764.982,9949.941,9356.631,9648.521,9669.695,8997.241,9063.057,9876.178,11986.922,13794.73,14374.985,15296.418,17545.393,18855.312,16928.834,16874.611,18323.15,17310.387,18025.449,18623.945,16398.992,16452.809,17215.082,18521.101,18146.126,17655.909,20080.012,19673.94,21161.964,22115.441,23880.966,25465.034,26378.478,27332.275,28328.237,29358.447
Western Hemisphere (Region),4024.549,4480.424,4453.207,4700.197,5151.479,5517.174,5764.293,6144.435,6710.345,7292.129,7769.709,8074.459,8543.655,9048.294,9695.654,10204.034,10829.311,11559.257,12052.474,12434.59,13317.347,13598.225,13721.1,14418.785,15604.517,17063.73,18468.455,19880.999,20893.841,20088.529,21920.795,23445.73,24232.232,24950.187,25578.129,25089.194,25381.609,26863.906,27844.057,28634.423,27537.346,30983.77,34221.867,36710.493,38454.379,40026.574,41674.113,43384.744,45146.102,46959.135,48855.391
ASEAN-5,208.639,229.269,239.197,233.223,242.907,234.883,228.952,241.508,278.672,318.986,363.369,406.573,460.837,515.3,588.415,682.569,758.546,714.207,467.858,553.957,587.767,564.573,633.787,712.337,798.144,885.81,1064.967,1272.689,1466.244,1442.416,1803.016,2079.545,2191.351,2252.206,2253.369,2177.95,2284.773,2463.239,2631.775,2781.24,2607.89,2897.168,3135.948,3229.52,3354.049,3540.744,3757.257,3993.334,4257.097,4542.097,4847.495
Advanced economies,8478.682,8614.064,8553.227,8900.939,9308.571,9800.961,11969.117,13917.716,15721.796,16401.781,18408.809,19664.68,21158.385,21326.862,22913.12,25382.421,25563.197,25064.424,25148.004,26493.434,26960.202,26687.422,27845.422,31241.269,34664.257,36491.101,38380.458,41931.843,44299.427,41800.254,43660.796,46894.568,46709.215,47175.962,48289.23,45711.404,46951.019,49016.624,51868.982,52406.467,51561.468,57609.524,58945.923,62310.258,64901.125,68598.619,72202.717,74948.234,77810.768,80670.39,83750.239
Emerging and Developing Asia,764.622,759.366,775,818.678,859.862,836.022,859.507,940.661,1050.095,1119.334,1124.047,1135.491,1285.69,1455.524,1519.165,1818.577,2060.96,2141.634,1984.655,2179.051,2339.509,2471.621,2710.464,3091.907,3587.588,4145.507,4927.03,6234.476,7509.737,8170.758,9842.144,11801.644,13007.367,14237.569,15393.876,16021.916,16504.323,18146.542,20012.037,20823.483,21072.318,24917.373,25477.603,25850.993,26736.872,27821.017,29722.432,31841.006,34126.063,36463.538,38968.105
Emerging and Developing Europe,262.405,273.792,278.749,277.06,267.565,275.823,291.209,312.004,353.451,370.225,375.076,357.533,489.681,660.732,723.202,868.447,989.259,1051.607,936.48,803.072,892.827,914.125,1034.668,1279.747,1650.091,2053.175,2451.987,3152.391,3886.914,3031.033,3538.488,4147.064,4278.888,4522.078,4258.153,3303.027,3234.087,3657.703,3842.969,3904.738,3651.552,4318.889,4872.388,5129.591,5631.194,6463.042,6614.092,6880.953,7222.599,7569.109,7917.218
Emerging market and developing economies,2778.527,2937.985,2787.74,2750.025,2757.409,2797.313,2875.038,3179.527,3503.295,3838.691,4391.36,4104.924,4237.923,4798.135,5187.071,5969.784,6693.037,7121.635,6889.07,6624.077,7303.295,7330.574,7254.753,8174.204,9709.372,11606.182,13743.203,16934.094,20347.953,19439.467,23378.234,27566.033,29193.88,30999.931,32049.806,30119.563,30100.476,32935.147,35169.888,35916.85,34489.844,40616.296,43455.83,44629.53,46211.735,48566.775,51381.777,54657.923,58219.064,61905.907,65817.288
Euro area,no data,no data,no data,no data,no data,no data,no data,no data,no data,no data,no data,6116.23,6745.314,6130.922,6476.245,7643.425,7760.35,6969.933,7134.182,7152.338,6524.117,6622.737,7227.109,8906.314,10212.685,10605.219,11277.463,12994.497,14294.139,13070.748,12797.063,13806.913,12793.355,13357.212,13684.874,11830.508,12119.951,12837.964,13879.034,13592.239,13256.908,14934.587,14498.999,15831.829,16447.395,17748.965,18914.469,19525.881,20155.039,20806.019,21463.176
European Union,3210.009,2837.577,2750.34,2689.43,2589.084,2666.019,3656.582,4481.547,4951.189,5039.392,6203.754,6615.434,7297.637,6670.646,7080.435,8288.277,8422.22,7732.929,7967.913,7936.622,7283.953,7397.938,8085.036,9941.997,11430.644,11947.116,12756.244,14781.99,16361.341,14831.612,14652.562,15872.802,14740.088,15398.774,15767.595,13657.13,13984.467,14867.435,16100.805,15812.179,15495.36,17507.089,17040.068,18644.233,19459.717,21096.78,22515.043,23289.65,24091.438,24928.813,25781.923
Latin America and the Caribbean,876.724,950.198,778.004,707.033,737.938,791.7,783.684,832.167,938.362,1055.037,1179.891,1271.533,1394.324,1573.762,1788.8,1915.695,2080.247,2278.51,2301.559,2067.157,2260.064,2207.663,1959.305,1990.902,2280.547,2767.11,3246.224,3848.329,4477.488,4137.584,5156.093,5952.327,6048.355,6120.467,6061.807,5134.31,4944.377,5499.095,5361.274,5245.597,4403.254,5129.311,5863.013,6607.279,6786.876,7000.686,7302.791,7691.336,8097.172,8531.51,8984.77
Major advanced economies (G7),6899.738,7116.547,7084.008,7476.475,7867.149,8339.916,10092.714,11599.296,13042.348,13538.536,14971.837,16042.961,17228.793,17575.068,18798.778,20505.265,20470.046,20205.15,20473.245,21594.536,22112.21,21854.685,22533.722,24879.158,27331.248,28544.573,29771.997,31977.972,33541.289,31944.526,33178.32,35290.292,35444.971,35502.72,36378.856,34938.79,35927.787,37196.592,39238.227,39958.027,39273.741,43438.469,44740.682,47490.417,49422.823,52056.759,54519.693,56549.363,58685.95,60808.626,63052.36
Middle East and Central Asia,552.608,614.614,613.292,629.933,640.023,662.941,678.341,809.79,853.87,980.568,1263.889,886.715,622.109,662.475,713.329,810.654,929.764,988.155,993.76,1120.533,1349.609,1292.638,1064.711,1208.664,1449.191,1760.63,2097.056,2514.157,3103.111,2789.448,3285.528,3885.412,3976.476,4127.739,4240.115,3798.655,3712.704,3828.591,3993.332,3925.32,3493.05,4165.859,5018.408,4955.005,5137.124,5200.632,5487.044,5839.627,6214.704,6593.704,6991.414
Other advanced economies,776.001,791.714,786.892,785.593,823.796,821.549,1002.058,1234.392,1456.626,1585.011,1825.711,1940.547,2070.849,2046.415,2298.959,2712.056,2892.308,2801.615,2525.261,2708.178,2802.853,2718.927,2958.267,3407.019,3892.579,4296.55,4655.484,5324.472,5618.597,5165.498,5952.212,6797.219,6853.921,7092.19,7226.396,6655.363,6795.426,7304.598,7693.177,7560.419,7520.808,8743.748,8810.927,8914.534,9243.702,9707.013,10351.847,10791.587,11245.252,11696.641,12236.588
Sub-Saharan Africa,322.168,340.015,342.696,317.323,252.021,230.826,262.298,284.904,307.517,313.527,448.457,453.653,446.119,445.641,442.575,556.41,632.806,661.729,672.616,454.264,461.286,444.527,485.606,602.984,741.955,879.76,1020.907,1184.741,1370.703,1310.645,1555.981,1779.586,1882.795,1992.08,2095.855,1861.656,1704.985,1803.216,1960.277,2017.713,1869.671,2084.864,2224.418,2086.662,1919.669,2081.399,2255.418,2405.001,2558.525,2748.046,2955.782
World,11257.209,11552.049,11340.968,11650.964,12065.98,12598.273,14844.155,17097.243,19225.091,20240.472,22800.17,23769.604,25396.308,26124.997,28100.192,31352.205,32256.234,32186.059,32037.075,33117.511,34263.497,34017.996,35100.176,39415.473,44373.63,48097.282,52123.661,58865.937,64647.38,61239.721,67039.03,74460.601,75903.095,78175.893,80339.036,75830.968,77051.495,81951.771,87038.871,88323.317,86051.313,98225.82,102401.753,106939.787,111112.86,117165.394,123584.494,129606.157,136029.832,142576.297,149567.527